Season,Name,Club,Position,Position Selected,Age,Inf,Type,Nat,Transfer Value (Low),Transfer Value (High),Salary,Begins,Expires,Transfer Fees Received,Apps (Total),Apps (Sub Apps),Starts,Gls,Ast,Av Rat,Yel,Red,PoM,Agreed Playing Time,Home Grown Status,Personality,Det,Injury,Injury Risk,Int Apps (Total),Int Apps (Sub Apps),Acceleration,Aerial Reach,Aggression,Agility,Anticipation,Balance,Bravery,Command of Area,Communication,Composure,Concentration,Corners,Crossing,Decisions,Dribbling,Eccentricity,Finishing,First Touch,Flair,Free Kick Taking,Handling,Heading,Jumping Reach,Kicking,Leadership,Long Shots,Long Throws,Marking,Natural Fitness,Off The Ball,One on Ones,Pace,Passing,Penalty Taking,Positioning,Punching (Tendency),Reflexes,Rushing Out (Tendency),Stamina,Strength,Tackling,Teamwork,Technique,Throwing,Vision,Work Rate,Hdrs A,Aer A/90,Asts/90,Blk,Blk/90,Ch C/90,CCC,Clear,Clr/90,Conv %,Cr C/A,Cr A,Crs A/90,Cr C,Cr C/90,Distance,Dist/90,Drb,Drb/90,xG/shot,xGP,xGP/90,xSv %,FK Shots,Goals Outside Box,Hdrs L/90,Hdrs,Hdrs W/90,Hdr %,Sprints/90,Itc,Int/90,K Hdrs/90,K Pas,K Ps/90,K Tck,K Tck/90,Gl Mst,Off,OP-Cr %,OP-Crs A,OP-Crs A/90,OP-Crs C,OP-Crs C/90,OP-KP,OP-KP/90,Pas %,Pas A,Ps A/90,Ps C,Ps C/90,Poss Lost/90,Poss Won/90,Pres A,Pres A/90,Pres C,Pres C/90,Pr Passes,Pr passes/90,Sv %,Svh,Svp,Svt,Shots,Shts Blckd,Shts Blckd/90,Shots Outside Box/90,ShT,ShT/90,Shot %,Shot/90,Tck R,Tck A,Tck C,Tck/90,Mins/Gl,Cln/90,xA,xA/90,xG-OP,xG/90,FA,Fls,Gwin,D,Lost,G. Mis,Won,Conc,All/90,Gls/90,Int Ast,Int Av Rat,Int Conc,Last 5 FT Games,Last 5 Games,LMR,Mins,Mins/Gm,Last C,Last Gl,NP-xG,NP-xG/90,Pens,Pens Faced,Pens Saved,Pens Saved Ratio,Pens S,Pen/R,Pts/Gm,Shutouts,Tgls,Tall,Tcon/90,Tgls/90,Saves/90,xG,AT Apps,AT Lge Apps,AT Gls,AT Lge Gls
2026-2027,Marc-André ter Stegen,Barcelona,GK,GK,35,,Full Contract,GER,Not for Sale,Not for Sale,15570000.0,12/7/2026,6/30/2028,12000000.0,49.0,0.0,49.0,0.0,0.0,7.16,0.0,0.0,2.0,Important Player,,Professional,18.0,,Low,,,12.0,12.0,11.0,12.0,17.0,14.0,15.0,15.0,15.0,17.0,16.0,5.0,2.0,13.0,1.0,12.0,2.0,13.0,5.0,3.0,15.0,7.0,16.0,18.0,15.0,3.0,2.0,1.0,15.0,1.0,16.0,9.0,18.0,5.0,12.0,10.0,18.0,18.0,12.0,11.0,2.0,13.0,15.0,17.0,10.0,11.0,,,,,,,0.0,,1.19,,,,,,,194.4,4.0,0.0,,0.0,8.37,0.17,87.0,,,,,,,0.02,3.0,0.06,0.0,0.0,,0.0,0.0,2.0,0.0,,,,,,0.0,0.0,93.0,1655.0,33.91,1531.0,31.37,3.38,5.49,0.0,0.0,0.0,0.0,11.0,0.23,80.0,45.0,46.0,13.0,0.0,,,,,,,,0.0,3.0,0.0,0.0,,0.53,0.0,0.0,0.0,0.0,5.0,0.0,78.0,5.0,6.0,,38.0,31.0,0.64,,,,,,,6.7,4392.0,89.63,108.0,,0.0,0.0,0.0,3.0,0.0,0.0,0.0,,2.43,26.0,110.0,31.0,0.64,2.25,2.0,0.0,586.0,520.0,,
2026-2027,Iñaki Peña,Barcelona,GK,S1,28,Wnt,Full Contract,ESP,7400000.0,11500000.0,4686000.0,6/6/2025,6/30/2028,0.0,13.0,2.0,11.0,0.0,0.0,7.33,0.0,0.0,1.0,Scouting Required,Trained at club (15-21),,13-17,,Low,,,12-15,13.0,9-12,12-16,11-15,10-13,11-14,13.0,12-16,10-14,10-13,1-2,2-5,11-15,1-5,2-5,1-2,10-14,5-8,1-4,11.0,7-10,10-13,14.0,12-15,1-2,1-4,1-2,13-16,1-4,10-13,10-13,14-17,5-9,10-13,8.0,13-16,8-11,8-12,10-14,1-4,11-14,8-12,12.0,11-14,6-10,,,,,,,0.0,,0.67,,,,,,,46.6,3.9,0.0,,0.0,2.43,0.2,89.0,,,,,,,0.0,0.0,,0.0,0.0,,0.0,0.0,0.0,0.0,,,,,,0.0,0.0,92.0,342.0,28.82,314.0,26.46,5.73,3.46,0.0,0.0,0.0,0.0,2.0,0.17,88.0,10.0,19.0,2.0,0.0,,,,,,,,100.0,1.0,1.0,0.08,,0.67,0.27,0.02,0.0,0.0,1.0,0.0,62.0,2.0,3.0,1.0,8.0,6.0,0.51,,,,,,,,1068.0,82.15,53.0,,0.0,0.0,0.0,1.0,1.0,100.0,0.0,,2.0,8.0,21.0,6.0,0.51,1.77,2.0,0.0,101.0,86.0,,
2026-2027,Ander Astrálaga,Barcelona B,GK,,23,Wnt,Full Contract,ESP,0.0,35000.0,400000.0,12/7/2024,6/30/2027,0.0,1.0,0.0,1.0,0.0,0.0,7.0,0.0,0.0,0.0,Scouting Required,Trained at club (15-21),,12-16,,Low,,,10-13,14.0,8-11,10-14,8-12,9-13,11-15,9.0,8-12,8-12,10-13,1-4,2-5,12-15,1-3,3-6,2-6,9-13,4-7,3-7,12.0,3-6,12-15,10.0,10-13,3-6,1-5,1-2,13-16,2-6,10-13,6-9,9-12,3-7,12-16,12.0,12-16,11-14,6-9,7-11,1-2,7-10,9-12,10.0,10-13,7-10,,,,,,,0.0,,8.0,,,,,,,3.7,3.7,0.0,,0.0,0.75,0.75,0.0,,,,,,,0.0,0.0,,0.0,0.0,,0.0,0.0,0.0,0.0,,,,,,0.0,0.0,14.0,21.0,21.0,3.0,3.0,5.0,3.0,0.0,0.0,0.0,0.0,0.0,0.0,0.0,0.0,0.0,0.0,0.0,,,,,,,,,0.0,,,,1.0,0.0,0.0,0.0,0.0,0.0,0.0,100.0,0.0,0.0,,1.0,0.0,0.0,,,,,,,,90.0,90.0,90.0,,0.0,0.0,0.0,0.0,0.0,,0.0,,1.65,1.0,1.0,0.0,0.0,1.0,,0.0,65.0,65.0,,
2026-2027,Diego Kochen,Barcelona B,GK,,21,,Full Contract,USA,170000.0,1700000.0,695000.0,6/12/2024,6/30/2028,0.0,6.0,1.0,5.0,0.0,0.0,6.83,0.0,0.0,0.0,Breakthrough Prospect,Trained at club (15-21),,14-17,,Low,,,9-12,15.0,7-10,11-14,9-12,9-13,8-12,11.0,11-14,9-12,8-12,2-6,1-2,8-11,1-4,6.0,1-3,11-14,7-11,1-5,13.0,5-9,12-16,11.0,8-11,1.0,3-6,1-3,12-15,1-4,13.0,8-12,11-14,5-8,9-13,12.0,13.0,14.0,6-9,11-14,1-4,8-12,5-8,11.0,9-13,5-8,,,,,,,0.0,,5.64,,,,,,,21.4,3.8,0.0,,0.0,-2.99,-0.53,90.0,,,,,,,0.0,0.0,,0.0,0.0,,0.0,0.0,0.0,0.0,,,,,,0.0,0.0,71.0,153.0,26.95,108.0,19.02,9.33,2.47,0.0,0.0,0.0,0.0,0.0,0.0,57.0,0.0,5.0,3.0,0.0,,,,,,,,0.0,1.0,0.0,0.0,,0.35,0.0,0.0,0.0,0.0,3.0,0.0,33.0,1.0,3.0,10.0,2.0,6.0,1.06,,,,,,,,511.0,85.17,26.0,,0.0,0.0,0.0,1.0,0.0,0.0,0.0,,1.3,2.0,9.0,6.0,1.06,1.59,1.0,0.0,41.0,41.0,,
2026-2027,Eder Aller,Barcelona B,GK,,20,,Full Contract,ESP,65000.0,650000.0,642000.0,1/11/2026,6/30/2028,0.0,32.0,0.0,32.0,0.0,0.0,7.12,0.0,0.0,2.0,Future Prospect,Trained at club (15-21),Balanced,13.0,,Low,,,12.0,14.0,7.0,13.0,11.0,12.0,10.0,11.0,12.0,10.0,12.0,3.0,1.0,12.0,2.0,8.0,1.0,10.0,7.0,4.0,13.0,7.0,14.0,9.0,11.0,2.0,2.0,2.0,14.0,2.0,13.0,10.0,12.0,6.0,12.0,12.0,12.0,12.0,10.0,11.0,2.0,8.0,10.0,13.0,12.0,8.0,,,,,,,0.0,,6.8,,,,,,,102.8,3.3,0.0,,0.0,8.52,0.27,88.0,,,,,,,0.0,0.0,,0.0,1.0,0.03,0.0,0.0,0.0,0.0,,,,,,1.0,0.03,75.0,797.0,25.45,598.0,19.09,9.23,3.45,0.0,0.0,0.0,0.0,0.0,0.0,77.0,15.0,38.0,14.0,0.0,,,,,,,,0.0,1.0,0.0,0.0,,0.51,0.0,0.0,0.0,0.0,7.0,0.0,69.0,5.0,5.0,,22.0,20.0,0.64,,,,,,,,2819.0,88.09,84.0,,0.0,0.0,0.0,1.0,0.0,0.0,0.0,,2.22,16.0,49.0,20.0,0.64,1.56,2.0,0.0,52.0,52.0,,
2026-2027,Alfred,Barcelona,GK,,17,Yth,Full Contract,ESP,Unknown,Unknown,3600.0,3/29/2025,6/30/2029,0.0,,,,,,,,,,Scouting Required,Trained at club (15-21),,,,Low,,,,3-11,,6-14,1-6,10-18,10-18,1-7,9-15,,1-11,,,6-12,,1-3,,,,,10-20,,,1-7,,,,,,,1-10,,,,9-17,3-9,7-15,4-12,,,,,,5-11,,,,,,,,,,,,,,,,,,,,,,,,,,,,,,,,,,,,,,,,,,,,,,,,,,,,,,,,,,,,,,,,,,,,,,,,,,,,,,,,,,,,,,,,,111.0,,,,,,,,,,,,,,,,,,,,,,,,,,,,,,,,,,
2026-2027,Vasily Ignatovich,Barcelona,GK,,15,Yth,Full Contract,RUS,Unknown,Unknown,3600.0,3/30/2027,6/30/2031,0.0,,,,,,,,,,Scouting Required,,,,,Increased,,,,1-8,,9-15,4-10,7-13,7-13,10-20,1-6,,13-20,,,2-12,,5-13,,,,,6-14,,,1-7,,,,,,,8-16,,,,6-12,6-16,12-18,1-8,,,,,,1-4,,,,,,,,,,,,,,,,,,,,,,,,,,,,,,,,,,,,,,,,,,,,,,,,,,,,,,,,,,,,,,,,,,,,,,,,,,,,,,,,,,,,,,,,,14.0,,,,,,,,,,,,,,,,,,,,,,,,,,,,,,,,,,
2026-2027,Isidre Illa,Barcelona,D (R),,17,Yth,Full Contract,ESP,Unknown,Unknown,3600.0,3/29/2026,6/30/2030,0.0,,,,,,,,,,Scouting Required,Trained at club (15-21),,4-14,,Normal,,,14-20,,7-15,,2-10,,,,,,,,,3-13,,,,5-15,,,,5-11,1-8,,,,,1-5,,,,10-16,8-16,,1-6,,,,2-12,4-14,5-11,13-19,1-9,,,2-12,,,,,,,,,,,,,,,,,,,,,,,,,,,,,,,,,,,,,,,,,,,,,,,,,,,,,,,,,,,,,,,,,,,,,,,,,,,,,,,,,,,,,,,58.0,,,,,,,,,,,,,,,,,,,,,,,,,,,,,,,,,,
2026-2027,Chadi Riad,Barcelona,D (C),S2,23,Wnt,Full Contract,MAR,44000000.0,66000000.0,1903000.0,5/22/2024,6/30/2029,0.0,56.0,9.0,47.0,2.0,3.0,7.13,10.0,0.0,0.0,Squad Player,Trained at club (15-21),Fairly Professional,14.0,,Low,7.0,0.0,14.0,1-3,14.0,14.0,15.0,14.0,14.0,2-4,2-4,13.0,14.0,4-6,6-9,15.0,12.0,1-3,4-6,13.0,8-10,3-5,1-4,16.0,16.0,1-4,14.0,5-7,8-10,15.0,15.0,10-13,1-3,15.0,14.0,6-9,15.0,2-4,1-2,1-3,15.0,14.0,13.0,15.0,13.0,1-2,14-16,14.0,319.0,6.52,0.06,25.0,0.51,0.08,4.0,49.0,1.0,8.0,,16.0,0.33,0.0,0.0,356.9,7.3,11.0,0.22,0.1,,,,0.0,1.0,1.61,240.0,4.91,75.0,6.01,112.0,2.29,0.78,19.0,0.39,13.0,0.27,1.0,1.0,0.0,16.0,0.33,0.0,0.0,19.0,0.39,94.0,3564.0,72.85,3343.0,68.33,3.66,14.59,128.0,2.62,55.0,1.12,272.0,5.56,,,,,24.0,21.0,0.43,0.12,8.0,0.16,33.0,0.49,73.0,74.0,54.0,1.1,2201.5,,3.58,0.07,-0.32,0.05,2.0,38.0,75.0,5.0,9.0,,42.0,,,0.04,2.0,6.97,,,,7.0,4403.0,78.62,,2677.0,2.32,0.05,0.0,,,,0.0,,2.34,,107.0,,0.61,2.19,,2.32,200.0,153.0,6.0,5.0
2026-2027,Rubén Cantero,Barcelona B,D (C),,22,,Full Contract,ESP,0.0,40000.0,183000.0,6/28/2025,6/30/2027,105000.0,1.0,0.0,1.0,0.0,0.0,6.3,0.0,0.0,0.0,Fringe Player,Trained in nation (15-21),,14.0,,Low,,,12.0,2-5,11-15,9-13,11-15,8-11,9-12,1-5,1-4,9-12,10-13,1-4,3-7,7-11,5-9,2-5,1-3,10.0,6-9,1-4,1-2,11.0,12.0,2-6,7-11,4-8,5-8,12.0,11-15,8-12,2-5,13-16,11.0,3-7,13.0,1-5,1.0,4-7,8-12,13.0,12.0,11-14,8-12,1-3,11-14,10-14,8.0,8.0,,0.0,,1.0,1.0,1.0,1.0,,,1.0,1.0,0.0,0.0,7.3,7.3,0.0,,0.0,,,,0.0,0.0,2.0,6.0,6.0,75.0,3.0,0.0,,3.0,0.0,,0.0,0.0,0.0,0.0,0.0,1.0,1.0,0.0,0.0,0.0,0.0,97.0,61.0,61.0,59.0,59.0,6.0,8.0,2.0,2.0,1.0,1.0,4.0,4.0,,,,,0.0,2.0,2.0,0.0,,,,,100.0,1.0,1.0,1.0,,,0.05,0.05,0.0,0.0,0.0,2.0,0.0,0.0,1.0,,0.0,,,,,,,,,,90.0,90.0,,,0.0,0.0,0.0,,,,0.0,,1.35,,0.0,,1.0,0.0,,0.0,42.0,42.0,1.0,1.0
2026-2027,Martin Georgiev,Barcelona B,D (C),,21,,Full Contract,BUL,8199999.999999999,12500000.0,708000.0,12/29/2024,6/30/2028,0.0,13.0,1.0,12.0,0.0,0.0,6.92,3.0,0.0,0.0,Breakthrough Prospect,Trained at club (15-21),Fairly Professional,12.0,,Low,3.0,0.0,12.0,1.0,15.0,14.0,14.0,11.0,13.0,1.0,4.0,13.0,11.0,7.0,8.0,13.0,10.0,4.0,4.0,12.0,8.0,7.0,3.0,13.0,14.0,2.0,12.0,6.0,6.0,12.0,13.0,12.0,2.0,13.0,11.0,5.0,12.0,2.0,2.0,2.0,12.0,12.0,12.0,12.0,12.0,3.0,12.0,12.0,87.0,7.18,,10.0,0.83,,0.0,15.0,1.24,,,3.0,0.25,0.0,0.0,86.4,7.1,4.0,0.33,0.07,,,,0.0,0.0,2.48,57.0,4.71,66.0,5.53,19.0,1.57,0.58,5.0,0.41,4.0,0.33,0.0,0.0,0.0,3.0,0.25,0.0,0.0,5.0,0.41,91.0,670.0,55.32,609.0,50.28,2.89,18.58,37.0,3.06,13.0,1.07,49.0,4.05,,,,,8.0,6.0,0.5,0.17,0.0,0.0,0.0,0.66,93.0,15.0,14.0,1.16,,,0.37,0.03,-0.59,0.05,5.0,10.0,62.0,2.0,3.0,,8.0,,,,0.0,6.93,,,,,1090.0,83.85,,,0.59,0.05,0.0,,,,0.0,,2.0,,20.0,,0.74,1.65,,0.59,79.0,79.0,3.0,3.0
2026-2027,Eman Kospo,Barcelona B,D (C),,20,Wnt,Full Contract,SUI,40000.0,400000.0,947000.0,5/3/2025,6/30/2028,0.0,36.0,0.0,36.0,2.0,1.0,7.04,10.0,1.0,4.0,Breakthrough Prospect,Trained at club (15-21),Fairly Professional,14.0,,Low,,,13.0,3.0,10.0,13.0,14.0,15.0,13.0,3.0,3.0,12.0,12.0,4.0,5.0,13.0,12.0,3.0,6.0,13.0,10.0,3.0,1.0,14.0,15.0,1.0,12.0,6.0,7.0,13.0,15.0,9.0,3.0,14.0,13.0,6.0,14.0,3.0,4.0,3.0,13.0,14.0,13.0,12.0,11.0,2.0,13.0,12.0,293.0,8.18,0.03,14.0,0.39,0.08,3.0,40.0,1.12,8.0,,3.0,0.08,0.0,0.0,256.3,7.2,8.0,0.22,0.11,,,,0.0,1.0,2.26,212.0,5.92,72.0,5.47,69.0,1.93,1.09,10.0,0.28,13.0,0.36,0.0,1.0,0.0,3.0,0.08,0.0,0.0,10.0,0.28,92.0,1930.0,53.89,1782.0,49.76,2.49,18.09,118.0,3.3,54.0,1.51,163.0,4.55,,,,,24.0,16.0,0.45,0.31,8.0,0.22,33.0,0.67,82.0,67.0,55.0,1.54,1611.5,,2.79,0.08,-0.57,0.07,15.0,31.0,67.0,5.0,7.0,1.0,24.0,,,0.06,,,,,,,3223.0,89.53,,0.0,2.57,0.07,0.0,,,,0.0,,2.14,,57.0,,0.7,1.59,,2.57,71.0,71.0,3.0,3.0
2026-2027,Alexis Olmedo,Barcelona B,D (RC),,21,Wnt,Full Contract,ESP,95000.0,275000.0,294000.0,1/5/2025,6/30/2027,0.0,7.0,0.0,7.0,2.0,0.0,7.1,2.0,0.0,2.0,Youngster,Trained at club (15-21),Fairly Professional,14.0,,Low,,,13.0,3.0,11.0,12.0,12.0,13.0,12.0,1.0,2.0,10.0,12.0,3.0,8.0,12.0,9.0,2.0,6.0,12.0,10.0,2.0,2.0,12.0,15.0,4.0,9.0,6.0,5.0,12.0,15.0,7.0,3.0,13.0,11.0,4.0,12.0,1.0,1.0,4.0,12.0,13.0,12.0,11.0,12.0,4.0,11.0,12.0,57.0,8.14,,9.0,1.29,0.29,2.0,16.0,2.29,50.0,,1.0,0.14,0.0,0.0,51.1,7.3,0.0,,0.18,,,,0.0,0.0,1.71,45.0,6.43,79.0,6.0,7.0,1.0,0.43,2.0,0.29,2.0,0.29,0.0,0.0,0.0,1.0,0.14,0.0,0.0,2.0,0.29,88.0,382.0,54.57,336.0,48.0,3.71,11.57,27.0,3.86,4.0,0.57,25.0,3.57,,,,,4.0,2.0,0.29,0.0,2.0,0.29,50.0,0.57,100.0,6.0,6.0,0.86,315.0,,0.36,0.05,1.28,0.1,0.0,3.0,57.0,1.0,2.0,49.0,4.0,,,0.29,,,,,,,630.0,90.0,,0.0,0.72,0.1,0.0,,,,0.0,,1.75,,9.0,,1.14,1.29,,0.72,26.0,26.0,3.0,3.0
2026-2027,Stephen Jones,Barcelona B,D (C),S7,19,Wnt,Full Contract,ESP,275000.0,5200000.0,3600.0,3/29/2024,6/30/2028,0.0,9.0,0.0,9.0,0.0,0.0,7.2,2.0,0.0,2.0,Breakthrough Prospect,Trained at club (15-21),Light-Hearted,11.0,,Low,,,12.0,2.0,16.0,13.0,12.0,18.0,13.0,2.0,1.0,12.0,14.0,4.0,6.0,13.0,8.0,3.0,6.0,10.0,8.0,6.0,3.0,13.0,11.0,2.0,7.0,7.0,4.0,13.0,13.0,10.0,1.0,13.0,10.0,6.0,13.0,1.0,4.0,2.0,13.0,13.0,13.0,12.0,12.0,1.0,5.0,16.0,71.0,7.89,,3.0,0.33,0.33,3.0,9.0,1.0,,,4.0,0.44,0.0,0.0,64.9,7.2,0.0,,0.08,,,,0.0,1.0,2.67,47.0,5.22,66.0,6.78,18.0,2.0,1.0,1.0,0.11,3.0,0.33,0.0,0.0,0.0,4.0,0.44,0.0,0.0,1.0,0.11,88.0,556.0,61.78,490.0,54.44,2.89,16.78,37.0,4.11,14.0,1.56,38.0,4.22,,,,,3.0,6.0,0.67,0.22,0.0,0.0,0.0,0.33,94.0,18.0,17.0,1.89,,,0.21,0.02,-0.24,0.03,3.0,11.0,89.0,1.0,0.0,,8.0,,,,,,,,,,810.0,90.0,,,0.24,0.03,0.0,,,,0.0,,2.65,,12.0,,0.22,1.33,,0.24,10.0,10.0,,
2026-2027,Antoni Vallejo,Barcelona,D (L),,16,Yth,Full Contract,ESP,Unknown,Unknown,3600.0,3/29/2026,6/30/2030,0.0,,,,,,,,,,Scouting Required,,,4-14,,Increased,,,5-13,,1-8,,8-16,,,,,,,,,6-12,,,,2-12,,,,1-7,9-19,,,,,4-14,,,,6-12,1-6,,3-11,,,,6-12,1-9,8-14,7-13,8-14,,,8-14,,,,,,,,,,,,,,,,,,,,,,,,,,,,,,,,,,,,,,,,,,,,,,,,,,,,,,,,,,,,,,,,,,,,,,,,,,,,,,,,,,,,,,,62.0,,,,,,,,,,,,,,,,,,,,,,,,,,,,,,,,,,
2026-2027,Julián Araujo,Casciavit,D/WB/M (R),,25,Trn,Full Contract,MEX,21000000.0,21000000.0,1556000.0,8/12/2024,6/30/2029,4099999.9999999995,1.0,1.0,,0.0,0.0,6.6,0.0,0.0,0.0,,,Ambitious,14.0,,Increased,1.0,1.0,14.0,3.0,15.0,14.0,12.0,15.0,16.0,3.0,2.0,12.0,14.0,8.0,13.0,13.0,13.0,1.0,6.0,12.0,9.0,8.0,1.0,11.0,9.0,3.0,9.0,9.0,11.0,12.0,14.0,13.0,3.0,15.0,12.0,7.0,13.0,3.0,4.0,3.0,15.0,12.0,13.0,14.0,13.0,3.0,11.0,15.0,2.0,,,0.0,,,1.0,0.0,,,,1.0,,0.0,,1.6,,1.0,,0.0,,,,0.0,0.0,,1.0,,50.0,,1.0,,,0.0,,0.0,,0.0,0.0,0.0,1.0,,0.0,,0.0,,81.0,16.0,,13.0,,,,3.0,,1.0,,2.0,,,,,,0.0,0.0,,,,,,,100.0,1.0,1.0,,,,0.14,,0.0,,1.0,1.0,0.0,0.0,1.0,,0.0,,,,0.0,,,,,,26.0,26.0,,,0.0,,0.0,,,,0.0,,,,0.0,,,,,0.0,144.0,144.0,1.0,1.0
2026-2027,Trilli,APOEL,"D (RC), WB (R)",,24,Wnt,Full Contract,ESP,Not for Sale,Not for Sale,650000.0,12/12/2024,6/30/2027,215000.0,47.0,6.0,41.0,2.0,7.0,7.25,3.0,0.0,3.0,,Trained in nation (15-21),Balanced,14.0,,,,,13.0,1.0,11.0,14.0,13.0,12.0,12.0,2.0,1.0,10.0,13.0,5.0,12.0,13.0,11.0,1.0,8.0,12.0,12.0,7.0,1.0,10.0,11.0,2.0,11.0,9.0,10.0,12.0,14.0,12.0,2.0,13.0,12.0,8.0,12.0,1.0,3.0,1.0,14.0,12.0,12.0,12.0,12.0,3.0,11.0,12.0,70.0,1.66,0.17,7.0,0.17,,0.0,17.0,0.4,6.0,10.0,40.0,0.95,4.0,0.1,109.7,2.6,16.0,0.38,0.12,,,,0.0,0.0,0.71,40.0,0.95,57.0,5.39,37.0,0.88,0.21,12.0,0.29,3.0,0.07,0.0,4.0,10.0,40.0,0.95,4.0,0.1,12.0,0.29,79.0,1282.0,30.46,1017.0,24.16,4.42,4.63,113.0,2.68,24.0,0.57,64.0,1.52,,,,,33.0,8.0,0.19,0.07,6.0,0.14,18.0,0.78,93.0,94.0,87.0,2.07,1894.0,,5.03,0.12,-1.9,0.09,57.0,56.0,11.0,36.0,6.0,,5.0,,,0.05,,,,,,,3788.0,80.6,,0.0,3.9,0.09,0.0,,,,0.0,,1.09,,10.0,,0.45,0.24,,3.9,122.0,108.0,2.0,2.0
2026-2027,Andreas Christensen,Barcelona,"D (C), DM",DCL,31,Wnt,Full Contract,DEN,39000000.0,48000000.0,12855000.0,9/24/2023,6/30/2029,0.0,53.0,15.0,38.0,2.0,1.0,6.95,5.0,0.0,1.0,Squad Player,,Fairly Ambitious,11.0,,Increased,8.0,0.0,13.0,1-3,10.0,14.0,17.0,12.0,11.0,3-5,2-4,16.0,16.0,3-6,8-11,17.0,10.0,1-3,9-11,14.0,5-8,5-7,1-4,14.0,14.0,1.0,9.0,7-9,11-13,15.0,15.0,7-9,1-4,15.0,14.0,7-9,16.0,2-4,3-5,1-2,13.0,11.0,15.0,15.0,13.0,1-3,9-11,13.0,222.0,5.64,0.03,12.0,0.3,0.08,3.0,25.0,0.63,10.0,,3.0,0.08,0.0,0.0,300.1,7.6,15.0,0.38,0.07,,,,0.0,1.0,2.39,128.0,3.25,58.0,7.44,80.0,2.03,0.66,11.0,0.28,1.0,0.03,1.0,0.0,0.0,3.0,0.08,0.0,0.0,11.0,0.28,95.0,2669.0,67.76,2523.0,64.05,4.29,12.52,206.0,5.23,66.0,1.68,210.0,5.33,,,,,20.0,10.0,0.25,0.18,6.0,0.15,30.0,0.51,77.0,79.0,61.0,1.55,1772.5,,2.83,0.07,0.56,0.04,13.0,28.0,77.0,5.0,7.0,,41.0,,,0.05,1.0,7.01,,,,6.5,3545.0,66.89,,769.0,1.44,0.04,0.0,,,,0.0,,2.42,,79.0,,0.53,2.01,,1.44,367.0,292.0,13.0,10.0
2026-2027,Eric García,Barcelona,"D (C), DM",S5,26,,Full Contract,ESP,26000000.0,31000000.0,3476000.0,7/7/2025,6/30/2029,2200000.0,40.0,21.0,19.0,0.0,2.0,6.9,1.0,0.0,1.0,Squad Player,Trained in nation (15-21),Resolute,15.0,,Low,,,13.0,2.0,11.0,15.0,15.0,12.0,12.0,3.0,2.0,15.0,15.0,6.0,10.0,14.0,12.0,1.0,8.0,14.0,12.0,8.0,2.0,14.0,13.0,2.0,15.0,8.0,8.0,14.0,12.0,12.0,2.0,13.0,15.0,9.0,15.0,3.0,1.0,3.0,14.0,13.0,14.0,15.0,14.0,1.0,15.0,14.0,122.0,5.59,0.09,11.0,0.5,0.27,6.0,19.0,0.87,,25.0,4.0,0.18,1.0,0.05,168.0,7.7,13.0,0.6,0.12,,,,0.0,0.0,2.2,74.0,3.39,61.0,8.48,50.0,2.29,0.37,8.0,0.37,2.0,0.09,0.0,1.0,25.0,4.0,0.18,1.0,0.05,8.0,0.37,93.0,1551.0,71.07,1437.0,65.85,5.68,11.64,121.0,5.54,45.0,2.06,140.0,6.42,,,,,5.0,9.0,0.41,0.0,1.0,0.05,20.0,0.23,78.0,37.0,29.0,1.33,,,2.44,0.11,-0.61,0.03,9.0,15.0,70.0,5.0,7.0,,28.0,,,,,,,,,6.8,1964.0,49.1,,,0.61,0.03,0.0,,,,0.0,,2.23,,51.0,,0.69,2.34,,0.61,188.0,152.0,3.0,3.0
2026-2027,Jordan Teze,Barcelona,"D (RC), WB (R), DM",S6,27,,Full Contract,NED,27000000.0,42000000.0,5604000.0,9/1/2026,6/30/2030,38500000.0,19.0,11.0,8.0,0.0,1.0,6.82,1.0,0.0,0.0,Scouting Required,,,13.0,,Low,,,12-16,1-2,11-15,13-16,11-14,13-16,11-14,1-5,1.0,10-13,14-17,8-11,8-12,12-16,9-12,3-6,6-9,10-13,12-15,8-11,1-3,12.0,13.0,1-3,10-14,6-10,9-12,13.0,13-17,10-13,3-6,11-15,13-17,3-6,14.0,3-7,1-3,1-3,14-18,10-13,13.0,11-15,12-16,1-3,8-12,13-17,56.0,5.26,0.09,1.0,0.09,0.19,2.0,6.0,0.56,,,11.0,1.03,0.0,0.0,87.4,8.2,7.0,0.66,0.11,,,,0.0,0.0,1.69,38.0,3.57,68.0,14.37,15.0,1.41,0.56,4.0,0.38,1.0,0.09,0.0,1.0,0.0,11.0,1.03,0.0,0.0,4.0,0.38,88.0,697.0,65.48,612.0,57.49,10.05,11.09,89.0,8.36,31.0,2.91,82.0,7.7,,,,,10.0,0.0,0.0,0.47,1.0,0.09,10.0,0.94,74.0,27.0,20.0,1.88,,,0.59,0.06,-1.07,0.1,6.0,13.0,79.0,1.0,3.0,1.0,15.0,,,,,,,,,,958.0,50.42,,,1.07,0.1,0.0,,,,0.0,,2.42,,20.0,,0.66,1.88,,1.07,243.0,240.0,11.0,11.0
2026-2027,Jules Koundé,Barcelona,"D (RC), WB (R)",DCR,28,,Full Contract,FRA,160000000.0,204000000.0,16456000.0,7/9/2026,6/30/2031,81000000.0,46.0,0.0,46.0,1.0,5.0,7.23,5.0,0.0,4.0,Regular Starter,,Fairly Determined,16.0,,High,10.0,1.0,15.0,1.0,14.0,16.0,17.0,16.0,15.0,1.0,1.0,15.0,13.0,7.0,14.0,16.0,13.0,3.0,10.0,13.0,12.0,5.0,2.0,16.0,13.0,3.0,14.0,8.0,9.0,17.0,16.0,13.0,3.0,15.0,14.0,8.0,16.0,1.0,2.0,2.0,15.0,14.0,15.0,15.0,13.0,2.0,15.0,16.0,276.0,6.13,0.11,20.0,0.44,0.31,14.0,39.0,0.87,4.0,15.0,59.0,1.31,9.0,0.2,355.1,7.9,69.0,1.53,0.1,,,,0.0,0.0,1.98,187.0,4.15,68.0,11.59,107.0,2.38,0.42,33.0,0.73,7.0,0.16,0.0,4.0,15.0,59.0,1.31,9.0,0.2,33.0,0.73,92.0,2856.0,63.42,2631.0,58.42,7.35,14.63,329.0,7.31,108.0,2.4,323.0,7.17,,,,,23.0,18.0,0.4,0.18,8.0,0.18,35.0,0.51,77.0,132.0,102.0,2.26,4053.0,,4.95,0.11,-1.22,0.05,32.0,57.0,74.0,5.0,7.0,,34.0,,,0.02,2.0,7.36,,,,6.7,4053.0,88.11,,2030.0,2.22,0.05,0.0,,,,0.0,,2.33,,98.0,,0.64,2.18,,2.22,346.0,284.0,15.0,12.0
2026-2027,Ronald Araujo,Barcelona,"D (RC), WB (R)",DR,28,Inj,Full Contract,URU,230000000.0,275000000.0,14268000.0,8/22/2026,6/30/2031,2400000.0,37.0,0.0,37.0,0.0,3.0,7.23,8.0,0.0,3.0,Important Player,,Driven,18.0,A twisted ankle,High,4.0,0.0,15.0,1.0,16.0,14.0,17.0,12.0,18.0,2.0,4.0,16.0,18.0,6.0,8.0,14.0,11.0,1.0,11.0,14.0,9.0,7.0,4.0,17.0,16.0,2.0,16.0,11.0,10.0,19.0,16.0,8.0,1.0,16.0,12.0,13.0,15.0,3.0,2.0,3.0,16.0,16.0,17.0,15.0,12.0,1.0,11.0,17.0,232.0,6.55,0.08,23.0,0.65,0.17,6.0,28.0,0.79,,10.0,10.0,0.28,1.0,0.03,272.7,7.7,19.0,0.54,0.11,,,,0.0,0.0,1.75,170.0,4.8,73.0,8.24,108.0,3.05,0.59,15.0,0.42,14.0,0.4,0.0,2.0,10.0,10.0,0.28,1.0,0.03,15.0,0.42,93.0,2495.0,70.41,2327.0,65.67,5.02,17.55,199.0,5.62,67.0,1.89,225.0,6.35,,,,,23.0,21.0,0.59,0.08,6.0,0.17,26.0,0.65,80.0,89.0,71.0,2.0,,,2.46,0.07,-2.54,0.07,10.0,37.0,78.0,3.0,5.0,,29.0,,,,0.0,6.83,,,,7.0,3189.0,86.19,,,2.54,0.07,0.0,,,,0.0,,2.43,,78.0,,0.62,2.2,,2.54,345.0,282.0,26.0,23.0
2026-2027,Dani Ávila,Barcelona B,"D (C), DM, M (C)",,20,,Full Contract,ESP,14000.0,45000.0,254000.0,1/7/2026,6/30/2027,0.0,18.0,14.0,4.0,0.0,2.0,6.76,3.0,0.0,0.0,Scouting Required,Trained at club (15-21),,11-17,,Low,,,11-15,1.0,11-15,9-14,9-14,14-19,9-14,1-5,1-6,10-16,8-12,4-8,7-11,13-17,6-11,1-3,7-12,14.0,10-14,6-11,1-4,6-10,7-11,1-3,8-12,11-15,2-8,8-12,14-18,6-11,1-3,8-12,13.0,4-9,12-17,1-5,1-5,1-2,14-18,13.0,12.0,8-12,13-17,1-4,14.0,14-18,21.0,3.93,0.37,1.0,0.19,0.37,2.0,3.0,0.56,,,1.0,0.19,0.0,0.0,43.2,8.1,3.0,0.56,0.08,,,,0.0,0.0,2.43,8.0,1.5,38.0,11.6,4.0,0.75,0.19,8.0,1.5,0.0,0.0,0.0,1.0,0.0,1.0,0.19,0.0,0.0,8.0,1.5,84.0,271.0,50.71,227.0,42.47,6.92,11.23,47.0,8.79,11.0,2.06,29.0,5.43,,,,,7.0,0.0,0.0,0.19,0.0,0.0,0.0,1.31,100.0,11.0,11.0,2.06,,,1.15,0.22,-0.53,0.1,1.0,7.0,67.0,3.0,3.0,3.0,12.0,,,,,,,,,,481.0,26.72,,,0.53,0.1,0.0,,,,0.0,,2.17,,8.0,,0.56,1.5,,0.53,42.0,42.0,1.0,1.0
2026-2027,Xavi Espart,Barcelona B,"D/WB (R), DM, M (C)",,20,,Full Contract,ESP,24000.0,250000.0,622000.0,4/7/2025,6/30/2028,0.0,33.0,20.0,13.0,0.0,3.0,6.81,4.0,0.0,1.0,Breakthrough Prospect,Trained at club (15-21),,14.0,,Low,,,13.0,1.0,8-11,11-15,13.0,13-17,9-13,3-6,1-3,9-13,9-12,6-9,10-13,12-15,9-13,1-3,6-10,13.0,10-13,7-11,1-4,8.0,9.0,1-2,8-11,11-14,8-12,10.0,14-17,8-12,1-4,13.0,13.0,6-10,12.0,2-5,1-4,1-3,14-17,11.0,12.0,9-12,14-17,1-5,11-14,12-15,60.0,3.55,0.18,4.0,0.24,0.3,5.0,11.0,0.65,,,10.0,0.59,0.0,0.0,127.4,7.5,11.0,0.65,0.12,,,,0.0,1.0,2.42,19.0,1.12,32.0,11.29,27.0,1.6,0.24,15.0,0.89,0.0,0.0,0.0,1.0,0.0,10.0,0.59,0.0,0.0,15.0,0.89,90.0,832.0,49.2,750.0,44.35,6.74,12.6,171.0,10.11,47.0,2.78,84.0,4.97,,,,,16.0,0.0,0.0,0.24,0.0,0.0,0.0,0.95,82.0,44.0,36.0,2.13,,,5.28,0.31,-1.85,0.11,9.0,19.0,61.0,6.0,7.0,,20.0,,,,,,,,,,1522.0,46.12,,,1.85,0.11,0.0,,,,0.0,,2.0,,22.0,,0.77,1.3,,1.85,57.0,55.0,3.0,3.0
2026-2027,Ricard,Barcelona,"D (C), DM",,16,Yth,Full Contract,ESP,Unknown,Unknown,3600.0,3/29/2026,6/30/2030,0.0,,,,,,,,,,Scouting Required,,,5-11,,Low,,,7-17,,10-20,,2-10,,,,,,,,,9-15,,,,5-11,,,,5-13,5-15,,,,,4-14,,,,6-14,6-16,,11-19,,,,7-13,6-12,11-19,5-13,5-11,,,5-11,,,,,,,,,,,,,,,,,,,,,,,,,,,,,,,,,,,,,,,,,,,,,,,,,,,,,,,,,,,,,,,,,,,,,,,,,,,,,,,,,,,,,,,59.0,,,,,,,,,,,,,,,,,,,,,,,,,,,,,,,,,,
2026-2027,Miguel Gutiérrez,Barcelona,D/WB (L),S4,25,,Full Contract,ESP,41000000.0,50000000.0,7513000.0,7/1/2025,6/30/2030,52000000.0,32.0,15.0,17.0,0.0,2.0,6.95,4.0,0.0,0.0,Squad Player,Trained in nation (15-21),Spirited,16.0,,Low,1.0,1.0,15.0,2.0,12.0,15.0,14.0,13.0,13.0,3.0,2.0,14.0,14.0,12.0,16.0,16.0,14.0,3.0,10.0,14.0,14.0,8.0,2.0,8.0,12.0,2.0,12.0,9.0,14.0,11.0,15.0,15.0,3.0,14.0,15.0,10.0,13.0,1.0,2.0,2.0,14.0,12.0,12.0,15.0,15.0,1.0,15.0,13.0,73.0,3.69,0.1,14.0,0.71,0.3,6.0,21.0,1.06,,9.0,53.0,2.68,9.0,0.46,168.4,8.5,35.0,1.77,0.1,,,,0.0,0.0,1.16,50.0,2.53,68.0,14.87,73.0,3.69,0.1,32.0,1.62,4.0,0.2,0.0,0.0,17.0,33.0,1.67,3.0,0.15,26.0,1.32,90.0,1175.0,59.44,1054.0,53.32,12.45,14.42,157.0,7.94,43.0,2.18,149.0,7.54,,,,,14.0,6.0,0.3,0.4,1.0,0.05,7.0,0.71,84.0,61.0,51.0,2.58,,,2.73,0.14,-1.43,0.07,14.0,30.0,72.0,3.0,6.0,,23.0,,,,0.0,7.0,,,,6.9,1779.0,55.59,,,1.43,0.07,0.0,,,,0.0,,2.25,,40.0,,0.71,2.02,,1.43,199.0,173.0,6.0,6.0
2026-2027,Alejandro Balde,Barcelona,D/WB/M/AM (L),,23,,Full Contract,ESP,287000000.0,344000000.0,19767000.0,4/16/2027,6/30/2032,0.0,46.0,2.0,44.0,3.0,8.0,7.04,13.0,1.0,1.0,Important Player,Trained at club (15-21),Fairly Professional,14.0,,High,7.0,0.0,18.0,1.0,12.0,18.0,14.0,14.0,13.0,2.0,2.0,13.0,13.0,9.0,15.0,15.0,15.0,1.0,9.0,15.0,14.0,10.0,2.0,11.0,9.0,3.0,9.0,11.0,10.0,13.0,15.0,17.0,2.0,18.0,14.0,9.0,13.0,3.0,2.0,2.0,15.0,13.0,13.0,13.0,15.0,3.0,14.0,15.0,167.0,3.98,0.19,22.0,0.52,0.64,27.0,39.0,0.93,20.0,25.0,109.0,2.6,28.0,0.67,353.9,8.4,125.0,2.98,0.1,,,,0.0,1.0,1.6,100.0,2.38,60.0,14.24,113.0,2.69,0.17,57.0,1.36,3.0,0.07,0.0,9.0,26.0,102.0,2.43,26.0,0.62,55.0,1.31,89.0,2440.0,58.1,2183.0,51.98,10.76,14.07,425.0,10.12,122.0,2.9,303.0,7.21,,,,,15.0,12.0,0.29,0.19,6.0,0.14,40.0,0.36,79.0,156.0,124.0,2.95,1260.0,,6.31,0.15,1.55,0.03,50.0,66.0,80.0,4.0,5.0,,37.0,,,0.07,1.0,6.87,,,,7.1,3780.0,82.17,,1330.0,1.45,0.03,0.0,,,,0.0,,2.5,,93.0,,0.6,2.21,,1.45,231.0,168.0,11.0,9.0
2026-2027,Edu Sánchez,Barcelona B,D/WB/AM (L),,21,,Full Contract,ESP,3900000.0,7200000.0,1199000.0,6/28/2024,6/30/2028,160000.0,3.0,1.0,2.0,0.0,0.0,7.03,1.0,0.0,0.0,Future Prospect,Trained at club (15-21),Fairly Sporting,14.0,,Low,,,14.0,4.0,12.0,14.0,12.0,14.0,13.0,1.0,3.0,12.0,12.0,6.0,13.0,13.0,11.0,1.0,7.0,12.0,12.0,7.0,3.0,10.0,12.0,3.0,10.0,11.0,10.0,12.0,15.0,12.0,2.0,13.0,12.0,8.0,12.0,2.0,3.0,2.0,12.0,12.0,12.0,11.0,12.0,1.0,10.0,12.0,15.0,6.05,,1.0,0.4,0.4,1.0,2.0,0.81,,20.0,15.0,6.05,3.0,1.21,18.1,7.3,6.0,2.42,0.09,,,,0.0,0.0,2.83,8.0,3.23,53.0,13.72,9.0,3.63,0.0,4.0,1.61,1.0,0.4,0.0,0.0,20.0,15.0,6.05,3.0,1.21,4.0,1.61,81.0,89.0,35.92,72.0,29.06,18.57,12.91,31.0,12.51,10.0,4.04,8.0,3.23,,,,,1.0,1.0,0.4,0.0,0.0,0.0,0.0,0.4,100.0,14.0,14.0,5.65,,,0.43,0.17,-0.09,0.04,4.0,5.0,67.0,0.0,1.0,,2.0,,,,,,,,,,223.0,74.33,,,0.09,0.04,0.0,,,,0.0,,1.65,,4.0,,1.61,1.61,,0.09,75.0,74.0,1.0,1.0
2026-2027,Albert Navarro,Barcelona B,"D (LC), WB/AM (L)",,20,Wnt,Full Contract,ESP,40000.0,375000.0,666000.0,12/16/2024,6/30/2027,0.0,30.0,0.0,30.0,0.0,3.0,7.12,7.0,0.0,1.0,Breakthrough Prospect,Trained at club (15-21),,16.0,,Low,,,14.0,1-4,11-15,15-19,13.0,11-14,8-11,1-5,1-3,9-12,11-14,6-9,10-14,11-15,11-15,2-5,5-8,14.0,11-14,4-7,1-4,11.0,11.0,2-6,6-10,8-12,12-15,11.0,12-16,11-15,2-5,15.0,12.0,6-10,12.0,1-3,1-2,2-5,11-15,12.0,12.0,12-15,11-15,1-3,12-15,10-14,132.0,4.54,0.1,23.0,0.79,0.31,9.0,28.0,0.96,,12.0,133.0,4.57,16.0,0.55,235.2,8.1,66.0,2.27,0.2,,,,0.0,0.0,1.75,81.0,2.79,61.0,14.03,90.0,3.1,0.34,33.0,1.13,3.0,0.1,0.0,3.0,12.0,133.0,4.57,16.0,0.55,33.0,1.13,85.0,1075.0,36.97,918.0,31.57,13.1,13.14,373.0,12.83,99.0,3.4,101.0,3.47,,,,,5.0,3.0,0.1,0.0,0.0,0.0,0.0,0.17,76.0,140.0,107.0,3.68,,,2.74,0.09,-0.99,0.03,25.0,52.0,67.0,5.0,5.0,,20.0,,,,,,,,,,2617.0,87.23,,,0.99,0.03,0.0,,,,0.0,,2.17,,48.0,,0.65,1.65,,0.99,59.0,58.0,7.0,7.0
2026-2027,Jofre Torrents,Barcelona B,D/WB/AM (L),,20,Int,Full Contract,ESP,450000.0,4400000.0,596000.0,2/3/2025,6/30/2029,0.0,7.0,3.0,4.0,0.0,0.0,6.5,2.0,0.0,0.0,Breakthrough Prospect,Trained at club (15-21),Fairly Professional,14.0,,Low,,,14.0,3.0,11.0,17.0,13.0,14.0,9.0,1.0,1.0,8.0,8.0,5.0,13.0,12.0,12.0,2.0,6.0,12.0,13.0,6.0,3.0,9.0,8.0,1.0,9.0,11.0,12.0,9.0,15.0,12.0,3.0,14.0,11.0,8.0,10.0,1.0,2.0,2.0,14.0,12.0,11.0,12.0,12.0,3.0,10.0,12.0,14.0,3.15,,4.0,0.9,,0.0,6.0,1.35,,23.0,17.0,3.82,4.0,0.9,35.3,7.9,11.0,2.48,0.1,,,,0.0,0.0,1.8,6.0,1.35,43.0,13.72,9.0,2.02,0.0,3.0,0.67,0.0,0.0,0.0,1.0,24.0,17.0,3.82,4.0,0.9,3.0,0.67,83.0,193.0,43.42,161.0,36.23,16.2,12.6,61.0,13.72,14.0,3.15,15.0,3.38,,,,,1.0,0.0,0.0,0.0,0.0,0.0,0.0,0.22,80.0,15.0,12.0,2.7,,,0.12,0.03,-0.1,0.02,0.0,11.0,57.0,0.0,3.0,9.0,4.0,,,,,,,,,,400.0,57.14,,,0.1,0.02,0.0,,,,0.0,,1.65,,5.0,,0.45,1.12,,0.1,18.0,18.0,1.0,1.0
2026-2027,Landry Farré,Barcelona B,"D (RLC), WB (R)",,20,Inj,Full Contract,ESP,210000.0,2100000.0,778000.0,11/29/2025,6/30/2030,0.0,29.0,0.0,29.0,2.0,4.0,6.89,8.0,0.0,1.0,Scouting Required,Trained at club (15-21),,11-16,A tight calf,Increased,,,9-13,1-2,10-14,14-18,13-17,12-18,8-14,2-6,1-3,4-9,9-14,4-9,8-12,11-15,11-15,2-7,4-10,7-12,11-16,3-9,1.0,12.0,14.0,3-7,5-9,8-12,9-14,11.0,11-15,11-15,1-6,12-16,8-12,6-10,12.0,2-6,1-4,1-4,12-16,9-14,12.0,8-12,11-15,1-2,7-11,10-14,173.0,6.11,0.14,11.0,0.39,0.18,5.0,30.0,1.06,9.0,12.0,127.0,4.49,16.0,0.57,211.6,7.5,24.0,0.85,0.11,,,,0.0,0.0,2.01,116.0,4.1,67.0,10.57,61.0,2.16,0.64,20.0,0.71,2.0,0.07,0.0,6.0,13.0,127.0,4.49,16.0,0.57,20.0,0.71,84.0,1240.0,43.82,1040.0,36.75,9.93,12.83,222.0,7.84,62.0,2.19,101.0,3.57,,,,,23.0,3.0,0.11,0.32,7.0,0.25,30.0,0.81,85.0,72.0,61.0,2.16,1273.5,,2.74,0.1,-0.53,0.09,18.0,40.0,69.0,4.0,5.0,,20.0,,,0.07,,,,,,,2547.0,87.83,,0.0,2.53,0.09,0.0,,,,0.0,,2.21,,44.0,,0.67,1.55,,2.53,32.0,32.0,2.0,2.0
2026-2027,Leo Saca,Barcelona B,"D (LC), DM",,20,,Full Contract,MDA,75000.0,750000.0,870000.0,1/7/2026,6/30/2028,0.0,36.0,0.0,36.0,1.0,6.0,7.14,11.0,0.0,6.0,Breakthrough Prospect,Trained at club (15-21),Fairly Professional,14.0,,Low,5.0,0.0,13.0,2.0,12.0,15.0,12.0,13.0,11.0,2.0,1.0,10.0,12.0,4.0,8.0,12.0,11.0,3.0,7.0,13.0,8.0,4.0,3.0,12.0,13.0,3.0,9.0,8.0,8.0,14.0,15.0,9.0,2.0,14.0,12.0,6.0,13.0,1.0,2.0,1.0,12.0,12.0,12.0,11.0,11.0,1.0,11.0,12.0,260.0,7.24,0.17,23.0,0.64,0.14,5.0,52.0,1.45,5.0,16.0,6.0,0.17,1.0,0.03,243.7,6.8,3.0,0.08,0.12,,,,0.0,0.0,2.01,188.0,5.24,72.0,4.88,62.0,1.73,0.67,14.0,0.39,11.0,0.31,0.0,0.0,17.0,6.0,0.17,1.0,0.03,14.0,0.39,92.0,1937.0,53.97,1778.0,49.54,2.7,15.52,100.0,2.79,35.0,0.98,127.0,3.54,,,,,22.0,14.0,0.39,0.17,5.0,0.14,23.0,0.61,86.0,44.0,38.0,1.06,3230.0,,1.91,0.05,-1.64,0.07,12.0,25.0,67.0,6.0,6.0,,24.0,,,0.03,1.0,6.98,,,,,3230.0,89.72,,0.0,2.64,0.07,0.0,,,,0.0,,2.17,,57.0,,0.67,1.59,,2.64,68.0,68.0,1.0,1.0
2026-2027,Alfred Vinyals,Barcelona,D/WB (L),,17,Yth,Full Contract,ESP,275000.0,2800000.0,3600.0,3/29/2025,6/30/2029,0.0,,,,,,,,,,Breakthrough Prospect,Trained at club (15-21),Fairly Professional,14.0,,Normal,,,14.0,1.0,7.0,13.0,7.0,11.0,8.0,2.0,1.0,6.0,10.0,6.0,12.0,13.0,7.0,3.0,6.0,12.0,10.0,4.0,3.0,5.0,11.0,1.0,7.0,4.0,8.0,8.0,17.0,10.0,3.0,13.0,10.0,2.0,9.0,1.0,1.0,3.0,15.0,11.0,12.0,12.0,9.0,2.0,9.0,13.0,,,,,,,,,,,,,,,,,,,,,,,,,,,,,,,,,,,,,,,,,,,,,,,,,,,,,,,,,,,,,,,,,,,,,,,,,,,,,,,,,,,,,,,105.0,,,,,,,,,,,,,,,,,,,,,,,,,,,,,,,,,,
2026-2027,Enric Miravent,Barcelona,"D (LC), WB (L)",,17,,Full Contract,ESP,15500000.0,18000000.0,965000.0,7/8/2026,6/30/2029,0.0,,,,,,,,,,Future Prospect,Trained at club (15-21),Perfectionist,19.0,,Low,,,11.0,2.0,9.0,14.0,11.0,15.0,12.0,3.0,3.0,10.0,6.0,7.0,15.0,13.0,15.0,3.0,5.0,9.0,10.0,3.0,3.0,4.0,6.0,2.0,3.0,5.0,3.0,6.0,7.0,12.0,3.0,14.0,13.0,5.0,9.0,3.0,1.0,1.0,10.0,7.0,11.0,15.0,14.0,2.0,7.0,14.0,,,,,,,,,,,,,,,,,,,,,,,,,,,,,,,,,,,,,,,,,,,,,,,,,,,,,,,,,,,,,,,,,,,,,,,,,,,,,,,,,,,,,,,47.0,,,,,,,,,,,,,,,,,,,,,,,,,,,,,,,,,,
2026-2027,Emili,Barcelona,WB (R),,15,Yth,Full Contract,ESP,Unknown,Unknown,3600.0,3/30/2027,6/30/2031,0.0,,,,,,,,,,Scouting Required,,,,,Increased,,,10-16,,5-11,,,,,,,,,,,,,,1-5,7-15,2-10,,,4-14,3-11,,10-16,1-4,,,,,,11-20,3-9,,,,,,6-14,6-14,7-17,12-20,4-12,,3-13,2-10,,,,,,,,,,,,,,,,,,,,,,,,,,,,,,,,,,,,,,,,,,,,,,,,,,,,,,,,,,,,,,,,,,,,,,,,,,,,,,,,,,,,,,,10.0,,,,,,,,,,,,,,,,,,,,,,,,,,,,,,,,,,
2026-2027,Marcel Sabitzer,RC Lens,"DM, M (C), AM (RC)",,33,Wnt,Full Contract,AUT,425000.0,1300000.0,4745000.0,1/30/2025,6/30/2027,54000000.0,22.0,1.0,21.0,4.0,4.0,6.99,3.0,1.0,1.0,,,Spirited,17.0,,Low,6.0,5.0,10.0,3-5,16.0,10.0,13-16,11.0,14.0,1-2,1-3,12-14,11-13,10-12,12.0,12-14,10.0,1-2,12.0,13.0,13.0,12-14,1-2,9.0,9.0,1-4,13.0,15.0,5-7,11-13,16.0,14-17,1-2,12.0,14.0,15-18,13.0,1-2,1-2,3-5,13.0,9.0,12.0,16.0,13.0,1-2,14.0,17.0,30.0,1.48,0.2,3.0,0.15,0.05,1.0,4.0,0.2,13.0,7.0,13.0,0.64,1.0,0.05,85.8,4.2,11.0,0.54,0.18,,,,0.0,0.0,0.64,17.0,0.84,57.0,6.67,14.0,0.69,0.1,10.0,0.49,1.0,0.05,0.0,2.0,8.0,13.0,0.64,1.0,0.05,10.0,0.49,84.0,758.0,37.46,634.0,31.33,7.61,7.96,109.0,5.39,31.0,1.53,43.0,2.13,,,,,30.0,0.0,0.0,0.05,16.0,0.79,53.0,1.48,85.0,34.0,29.0,1.43,455.25,,2.38,0.12,-1.31,0.26,16.0,27.0,18.0,12.0,6.0,,4.0,,,0.2,0.0,6.67,,,,,1821.0,82.77,,0.0,2.9,0.14,4.0,,,,3.0,75.0,1.09,,10.0,,0.59,0.49,,5.31,478.0,478.0,108.0,108.0
2026-2027,Frenkie de Jong,Barcelona,"DM, M (C)",,30,,Full Contract,NED,264000000.0,287000000.0,24458000.0,4/21/2026,6/30/2029,94000000.0,50.0,0.0,50.0,7.0,12.0,7.3,2.0,0.0,4.0,Star Player,,Resolute,15.0,,Very High,7.0,1.0,15.0,1.0,9.0,17.0,17.0,16.0,10.0,2.0,2.0,17.0,15.0,12.0,14.0,17.0,15.0,2.0,12.0,18.0,16.0,15.0,1.0,10.0,11.0,2.0,13.0,10.0,6.0,12.0,14.0,15.0,1.0,14.0,18.0,12.0,14.0,3.0,1.0,1.0,14.0,12.0,11.0,17.0,18.0,4.0,19.0,13.0,136.0,3.07,0.27,15.0,0.34,0.9,40.0,15.0,0.34,9.0,21.0,153.0,3.45,29.0,0.65,369.3,8.3,48.0,1.08,0.08,,,,24.0,3.0,1.78,57.0,1.29,42.0,12.77,76.0,1.72,0.14,128.0,2.89,5.0,0.11,0.0,5.0,19.0,38.0,0.86,8.0,0.18,80.0,1.81,88.0,2649.0,59.78,2339.0,52.79,8.08,11.51,466.0,10.52,148.0,3.34,271.0,6.12,,,,,74.0,3.0,0.07,1.22,25.0,0.56,34.0,1.67,78.0,117.0,91.0,2.05,569.71,,14.43,0.33,1.42,0.13,38.0,42.0,76.0,4.0,8.0,,38.0,,,0.16,3.0,7.06,,,,6.2,3988.0,79.76,,491.0,5.58,0.13,0.0,,,,0.0,,2.36,,100.0,,0.54,2.26,,5.58,423.0,356.0,40.0,31.0
2026-2027,İlkay Gündoğan,Barcelona,"DM, M/AM (C)",,36,Ret,Full Contract,GER,18000.0,180000.0,6824000.0,4/6/2026,6/30/2027,32500000.0,15.0,14.0,1.0,0.0,0.0,6.71,0.0,0.0,0.0,Fringe Player,,Professional,15.0,,Increased,,,9.0,1.0,15.0,10.0,16.0,12.0,13.0,2.0,3.0,16.0,14.0,11.0,12.0,14.0,11.0,1.0,13.0,17.0,13.0,15.0,2.0,6.0,9.0,3.0,14.0,11.0,6.0,12.0,13.0,16.0,3.0,8.0,16.0,14.0,13.0,2.0,2.0,2.0,11.0,10.0,13.0,16.0,16.0,1.0,16.0,15.0,10.0,2.43,,1.0,0.24,0.24,1.0,4.0,0.97,,,6.0,1.46,0.0,0.0,32.5,7.9,3.0,0.73,0.12,,,,1.0,0.0,1.95,2.0,0.49,20.0,13.62,6.0,1.46,0.0,11.0,2.68,0.0,0.0,0.0,0.0,0.0,3.0,0.73,0.0,0.0,5.0,1.22,89.0,221.0,53.76,197.0,47.92,12.41,9.24,48.0,11.68,9.0,2.19,18.0,4.38,,,,,6.0,0.0,0.0,0.49,1.0,0.24,17.0,1.46,75.0,8.0,6.0,1.46,,,0.3,0.07,-0.73,0.18,2.0,4.0,60.0,2.0,4.0,5.0,9.0,,,,,,,,,,370.0,24.67,,,0.73,0.18,0.0,,,,0.0,,1.93,,5.0,,1.22,1.22,,0.73,495.0,445.0,82.0,74.0
2026-2027,Unai Hernández,Barcelona B,"DM, M/AM (C)",,22,,Full Contract,ESP,850000.0,1700000.0,946000.0,6/13/2024,6/30/2028,0.0,35.0,1.0,34.0,10.0,7.0,6.95,0.0,0.0,0.0,Breakthrough Prospect,Trained at club (15-21),Fairly Professional,14.0,,Low,,,14.0,1.0,9.0,15.0,13.0,13.0,11.0,1.0,1.0,12.0,11.0,12.0,10.0,13.0,12.0,1.0,10.0,12.0,15.0,8.0,3.0,9.0,5.0,2.0,10.0,12.0,5.0,9.0,16.0,14.0,3.0,12.0,14.0,11.0,11.0,2.0,1.0,4.0,14.0,11.0,10.0,12.0,13.0,3.0,14.0,13.0,182.0,5.4,0.21,3.0,0.09,0.3,10.0,18.0,0.53,19.0,23.0,205.0,6.08,42.0,1.25,266.3,7.9,31.0,0.92,0.14,,,,0.0,2.0,4.39,34.0,1.01,19.0,12.21,47.0,1.39,0.0,58.0,1.72,1.0,0.03,0.0,6.0,20.0,38.0,1.13,9.0,0.27,58.0,1.72,86.0,1027.0,30.44,881.0,26.12,18.38,12.18,366.0,10.85,103.0,3.05,81.0,2.4,,,,,54.0,0.0,0.0,0.42,19.0,0.56,35.0,1.6,77.0,90.0,69.0,2.05,303.6,,7.97,0.24,2.68,0.22,23.0,14.0,66.0,5.0,7.0,,23.0,,,0.3,,,,,,,3036.0,86.74,,0.0,7.32,0.22,1.0,,,,1.0,100.0,2.11,,53.0,,0.68,1.57,,7.32,112.0,111.0,18.0,18.0
2026-2027,Pau Prim,Barcelona B,"DM, M (C)",,21,,Full Contract,ESP,450000.0,4400000.0,928000.0,6/17/2024,6/30/2029,0.0,30.0,4.0,26.0,0.0,8.0,7.14,3.0,0.0,1.0,Breakthrough Prospect,Trained at club (15-21),Fairly Professional,14.0,,Low,,,13.0,2.0,9.0,14.0,12.0,14.0,10.0,1.0,1.0,15.0,12.0,6.0,7.0,13.0,11.0,4.0,7.0,15.0,15.0,8.0,4.0,10.0,7.0,3.0,13.0,11.0,3.0,12.0,15.0,11.0,2.0,11.0,15.0,8.0,13.0,2.0,3.0,3.0,13.0,12.0,12.0,12.0,14.0,3.0,15.0,11.0,67.0,3.03,0.36,10.0,0.45,0.45,10.0,22.0,0.99,,,7.0,0.32,0.0,0.0,175.5,7.9,11.0,0.5,0.18,,,,0.0,0.0,1.67,30.0,1.36,45.0,10.75,34.0,1.54,0.18,30.0,1.36,3.0,0.14,0.0,1.0,0.0,7.0,0.32,0.0,0.0,30.0,1.36,89.0,1138.0,51.42,1013.0,45.77,6.37,14.41,206.0,9.31,49.0,2.21,121.0,5.47,,,,,23.0,0.0,0.0,0.27,5.0,0.23,22.0,1.04,69.0,49.0,34.0,1.54,,,8.12,0.37,-4.17,0.19,17.0,17.0,67.0,5.0,5.0,,20.0,,,,,,,,,,1992.0,66.4,,,4.17,0.19,0.0,,,,0.0,,2.17,,39.0,,0.59,1.76,,4.17,120.0,116.0,5.0,5.0
2026-2027,Adrian Gill,Barcelona B,"DM, M (C)",,21,Wnt,Full Contract,USA,45000.0,475000.0,560000.0,1/4/2025,6/30/2027,0.0,1.0,0.0,1.0,0.0,0.0,7.1,0.0,0.0,0.0,Youngster,Trained at club (15-21),,11-14,,Low,,,11-15,1-4,12-16,12-15,9-12,12-15,11-14,1-4,1.0,9-12,10-13,8-11,6-10,11-15,7-10,4-7,6-9,12.0,13.0,6-9,1-4,6-10,6-9,1-2,8-12,10.0,2-5,9-12,13-17,10-13,3-6,9-13,14.0,4-7,10-13,1-4,1-4,1-2,13.0,12.0,11.0,12.0,11-15,1-2,12.0,11.0,1.0,1.0,,1.0,1.0,,0.0,1.0,1.0,,,0.0,0.0,0.0,0.0,9.3,9.3,0.0,,0.25,,,,0.0,0.0,1.0,0.0,0.0,0.0,12.0,2.0,2.0,0.0,2.0,2.0,0.0,0.0,0.0,0.0,,0.0,0.0,0.0,0.0,2.0,2.0,84.0,55.0,55.0,46.0,46.0,5.0,11.0,11.0,11.0,0.0,0.0,8.0,8.0,,,,,1.0,0.0,0.0,0.0,0.0,0.0,0.0,1.0,,0.0,,,,,0.0,0.0,-0.25,0.25,1.0,1.0,100.0,0.0,0.0,5.0,1.0,,,,,,,,,,90.0,90.0,,,0.25,0.25,0.0,,,,0.0,,1.65,,2.0,,1.0,2.0,,0.25,25.0,25.0,1.0,1.0
2026-2027,Marc Bernal,Barcelona B,"DM, M (C)",,20,,Full Contract,ESP,1200000.0,6200000.0,846000.0,6/6/2025,6/30/2029,0.0,32.0,0.0,32.0,1.0,6.0,7.13,9.0,1.0,1.0,Breakthrough Prospect,Trained at club (15-21),Light-Hearted,14.0,,Low,,,13.0,1-2,12.0,15-18,13-16,12-16,9-13,1-3,1-3,12-16,11-15,5-9,8.0,13-16,13-16,2-6,7.0,14.0,15.0,6-10,1.0,12.0,13.0,3-6,10.0,12.0,2-6,11-15,16.0,11-14,1-5,12.0,15.0,8-11,14.0,1-3,1-3,1-3,14.0,12.0,12.0,13.0,14.0,1-2,14.0,12.0,92.0,3.06,0.2,6.0,0.2,0.37,11.0,21.0,0.7,2.0,31.0,16.0,0.53,5.0,0.17,250.2,8.3,17.0,0.57,0.11,,,,2.0,2.0,1.26,54.0,1.8,59.0,12.04,36.0,1.2,0.27,39.0,1.3,2.0,0.07,0.0,5.0,31.0,16.0,0.53,5.0,0.17,39.0,1.3,90.0,1612.0,53.63,1454.0,48.38,6.02,14.31,285.0,9.48,96.0,3.19,164.0,5.46,,,,,42.0,2.0,0.07,0.47,6.0,0.2,14.0,1.4,77.0,100.0,77.0,2.56,2705.0,,6.73,0.22,-3.47,0.15,23.0,36.0,66.0,5.0,6.0,,21.0,,,0.03,,,,,,,2705.0,84.53,,0.0,4.47,0.15,0.0,,,,0.0,,2.12,,47.0,,0.73,1.56,,4.47,82.0,78.0,4.0,3.0
2026-2027,Gavi,Barcelona,"DM, M (C), AM (LC)",,22,,Full Contract,ESP,106000000.0,125000000.0,12721000.0,9/5/2025,6/30/2030,0.0,50.0,4.0,46.0,3.0,8.0,6.94,8.0,1.0,2.0,Squad Player,Trained at club (15-21),Perfectionist,18.0,,Increased,5.0,2.0,13.0,3.0,19.0,17.0,15.0,15.0,19.0,1.0,3.0,14.0,15.0,12.0,13.0,14.0,15.0,2.0,11.0,15.0,16.0,12.0,1.0,6.0,5.0,2.0,14.0,11.0,8.0,12.0,17.0,16.0,3.0,13.0,15.0,8.0,13.0,1.0,3.0,2.0,14.0,13.0,13.0,15.0,15.0,4.0,15.0,17.0,99.0,2.36,0.19,10.0,0.24,0.76,32.0,26.0,0.62,6.0,26.0,79.0,1.88,17.0,0.41,346.2,8.3,72.0,1.72,0.13,,,,0.0,0.0,1.74,26.0,0.62,26.0,15.62,49.0,1.17,0.0,76.0,1.81,2.0,0.05,0.0,11.0,22.0,56.0,1.34,15.0,0.36,69.0,1.65,89.0,2116.0,50.45,1873.0,44.65,10.06,9.2,427.0,10.18,134.0,3.19,182.0,4.34,,,,,50.0,1.0,0.02,0.48,20.0,0.48,40.0,1.19,71.0,113.0,80.0,1.91,1258.33,,9.87,0.24,-3.58,0.16,38.0,89.0,72.0,5.0,9.0,,36.0,,,0.07,0.0,6.67,,,,6.5,3775.0,75.5,,2117.0,6.58,0.16,0.0,,,,0.0,,2.26,,83.0,,0.64,1.98,,6.58,235.0,175.0,26.0,15.0
2026-2027,Quim Junyent,Barcelona B,"DM, M (C), AM (LC)",,20,Wnt,Full Contract,ESP,22000.0,220000.0,222000.0,1/11/2026,6/30/2027,0.0,4.0,4.0,,1.0,0.0,6.85,0.0,0.0,0.0,Youngster,Trained at club (15-21),Fairly Professional,14.0,,Low,,,13.0,1.0,8.0,16.0,13.0,14.0,9.0,2.0,1.0,14.0,9.0,11.0,11.0,13.0,14.0,1.0,10.0,13.0,16.0,12.0,4.0,8.0,7.0,2.0,10.0,10.0,6.0,6.0,15.0,12.0,3.0,11.0,13.0,8.0,7.0,1.0,2.0,2.0,13.0,10.0,7.0,11.0,14.0,1.0,14.0,10.0,1.0,,,0.0,,,1.0,0.0,,33.0,,5.0,,0.0,,3.9,,1.0,,0.15,,,,0.0,0.0,,0.0,,0.0,,1.0,,,1.0,,0.0,,0.0,0.0,,0.0,,0.0,,0.0,,89.0,19.0,,17.0,,,,5.0,,0.0,,0.0,,,,,,3.0,0.0,,,2.0,,67.0,,,0.0,,,49.0,,0.1,,0.54,,0.0,0.0,75.0,1.0,0.0,5.0,3.0,,,,,,,,,,49.0,12.25,,0.0,0.46,,0.0,,,,0.0,,,,1.0,,,,,0.46,11.0,11.0,1.0,1.0
2026-2027,Eugeni Gascons,Barcelona,M (R),,17,Yth,Full Contract,ESP,Unknown,Unknown,3600.0,3/29/2026,6/30/2030,0.0,,,,,,,,,,Scouting Required,Trained at club (15-21),,,,High,,,8-14,,6-12,,,,,,,,,,,,,,1-7,7-15,6-14,,,2-12,5-13,,10-16,1-5,,,,,,8-18,1-7,,,,,,2-10,4-12,1-10,9-19,4-12,,5-15,4-12,,,,,,,,,,,,,,,,,,,,,,,,,,,,,,,,,,,,,,,,,,,,,,,,,,,,,,,,,,,,,,,,,,,,,,,,,,,,,,,,,,,,,,,65.0,,,,,,,,,,,,,,,,,,,,,,,,,,,,,,,,,,
2026-2027,Miguel Ángel Montagud,Barcelona,M (C),,17,Int,Full Contract,ESP,Unknown,Unknown,968000.0,12/12/2025,6/30/2028,0.0,,,,,,,,,,Scouting Required,Trained at club (15-21),,,,Increased,,,5-11,,9-15,,,,,,,,,,,,,,1-9,13-20,11-19,,,8-18,11-19,,2-8,1-8,,,,,,10-20,10-16,,,,,,6-14,12-20,9-19,10-20,8-16,,8-18,4-12,,,,,,,,,,,,,,,,,,,,,,,,,,,,,,,,,,,,,,,,,,,,,,,,,,,,,,,,,,,,,,,,,,,,,,,,,,,,,,,,,,,,,,,5.0,,,,,,,,,,,,,,,,,,,,,,,,,,,,,,,10.0,10.0,2.0,2.0
2026-2027,Òscar Forgàs,Barcelona,M (C),,17,Yth,Full Contract,ESP,Unknown,Unknown,3600.0,3/29/2025,6/30/2029,0.0,,,,,,,,,,Scouting Required,Trained at club (15-21),,,,High,,,9-17,,9-17,,,,,,,,,,,,,,5-11,1-7,13-20,,,1-9,7-15,,4-12,2-12,,,,,,4-14,4-12,,,,,,9-19,1-6,1-3,1-7,8-18,,1-9,3-13,,,,,,,,,,,,,,,,,,,,,,,,,,,,,,,,,,,,,,,,,,,,,,,,,,,,,,,,,,,,,,,,,,,,,,,,,,,,,,,,,,,,,,,124.0,,,,,,,,,,,,,,,,,,,,,,,,,,,,,,,,,,
2026-2027,Miquel Àngel,Barcelona,M (C),,15,Inj,Full Contract,ESP,Unknown,Unknown,3600.0,3/30/2027,6/30/2031,0.0,,,,,,,,,,Scouting Required,,,,A hamstring strain,Normal,,,1-6,,1-9,,,,,,,,,,,,,,1-7,1-11,2-12,,,1-7,3-13,,1-7,3-9,,,,,,5-11,1-8,,,,,,11-17,1-8,8-14,7-13,11-17,,1-7,12-18,,,,,,,,,,,,,,,,,,,,,,,,,,,,,,,,,,,,,,,,,,,,,,,,,,,,,,,,,,,,,,,,,,,,,,,,,,,,,,,,,,,,,,,13.0,,,,,,,,,,,,,,,,,,,,,,,,,,,,,,,,,,
2026-2027,Oier Gómez,Barcelona,M (C),,16,Yth,Full Contract,ESP,Unknown,Unknown,3600.0,3/30/2027,6/30/2031,0.0,,,,,,,,,,Scouting Required,,,,,High,,,8-16,,12-20,,,,,,,,,,,,,,3-9,9-19,1-5,,,3-9,1-6,,9-17,1-11,,,,,,7-13,10-18,,,,,,1-10,3-13,7-13,8-14,1-11,,9-15,5-15,,,,,,,,,,,,,,,,,,,,,,,,,,,,,,,,,,,,,,,,,,,,,,,,,,,,,,,,,,,,,,,,,,,,,,,,,,,,,,,,,,,,,,,15.0,,,,,,,,,,,,,,,,,,,,,,,,,,,,,,,,,,
2026-2027,Xavi Simons,Barcelona,"M (C), AM (RC), ST (C)",,24,,Loan,NED,52000000.0,62000000.0,5252000.0,9/1/2026,6/30/2027,12750000.0,46.0,20.0,26.0,14.0,3.0,7.05,1.0,0.0,2.0,,,Spirited,17.0,,Low,7.0,3.0,14.0,2.0,15.0,16.0,12.0,12.0,12.0,3.0,1.0,15.0,12.0,11.0,10.0,12.0,16.0,1.0,11.0,15.0,17.0,13.0,1.0,8.0,9.0,2.0,10.0,11.0,4.0,8.0,16.0,12.0,3.0,15.0,14.0,12.0,8.0,4.0,2.0,2.0,14.0,9.0,8.0,13.0,16.0,3.0,15.0,13.0,98.0,3.46,0.11,3.0,0.11,0.39,11.0,13.0,0.46,22.0,21.0,29.0,1.02,10.0,0.35,230.4,8.1,58.0,2.05,0.16,,,,1.0,1.0,2.75,20.0,0.71,20.0,12.1,37.0,1.3,0.04,39.0,1.38,1.0,0.04,0.0,10.0,34.0,19.0,0.67,4.0,0.14,33.0,1.16,90.0,1149.0,40.52,1030.0,36.32,11.18,7.55,303.0,10.69,79.0,2.79,75.0,2.64,,,,,65.0,0.0,0.0,0.6,35.0,1.23,54.0,2.29,73.0,52.0,38.0,1.34,182.29,,6.02,0.21,3.61,0.37,36.0,27.0,74.0,5.0,7.0,,34.0,,,0.49,1.0,7.1,,,,6.7,2552.0,55.48,,61.0,9.58,0.34,1.0,,,,0.0,0.0,2.33,,65.0,,0.6,2.29,,10.39,166.0,149.0,63.0,58.0
2026-2027,Musa Colley,Barcelona,M/AM (C),,17,,Full Contract,GAM,Unknown,Unknown,785000.0,8/13/2025,6/30/2028,0.0,,,,,,,,,,Scouting Required,Trained at club (15-21),,7-15,,Normal,1.0,0.0,4-12,,15-20,,,,,,,,,,,,6-12,,14-20,1-9,14-20,,,1-8,4-12,,,3-13,,,,7-13,,4-14,6-14,,,,,,13-20,1-8,,,12-20,,1-11,8-18,,,,,,,,,,,,,,,,,,,,,,,,,,,,,,,,,,,,,,,,,,,,,,,,,,,,,,,,,,,,,,,,,,,,,,,,,,,,,,,,,,,,,,,2.0,,,,,0.0,6.8,,,,,,,,,,,,,,,,,,,,,,,,,9.0,9.0,,
2026-2027,Eloi Ruiz,Barcelona B,M/AM (C),,19,Int,Full Contract,ESP,325000.0,1000000.0,3600.0,3/29/2024,6/30/2028,0.0,,,,,,,,,,Breakthrough Prospect,Trained at club (15-21),,11-15,,Low,,,13-16,2-5,9-12,11-15,9-13,12-15,7-10,1-3,1-5,14-18,7-10,3-6,5-8,10-14,8-12,1-4,5-8,12.0,12.0,8-11,1-4,9.0,10.0,1-5,7-10,9.0,3-7,9-12,15-18,12-16,1.0,11-14,14.0,6-10,6-9,1-2,1-4,2-5,12.0,9.0,7.0,17.0,12-16,1-5,14.0,12.0,,,,,,,,,,,,,,,,,,,,,,,,,,,,,,,,,,,,,,,,,,,,,,,,,,,,,,,,,,,,,,,,,,,,,,,,,,,,,,,,,,,,,,,-115.0,,,,,,,,,,,,,,,,,,,,,,,,,,,,,,,,,,
2026-2027,Nicolás González,Barcelona,"M (R), AM (RL), ST (C)",,29,,Full Contract,ARG,119000000.0,146000000.0,8518000.0,8/7/2026,6/30/2030,115000000.0,47.0,3.0,44.0,19.0,5.0,7.27,6.0,0.0,7.0,Regular Starter,,Perfectionist,17.0,,Increased,3.0,0.0,15.0,1.0,16.0,17.0,13.0,14.0,16.0,3.0,2.0,15.0,10.0,9.0,14.0,14.0,16.0,2.0,15.0,15.0,15.0,9.0,1.0,15.0,15.0,1.0,8.0,13.0,3.0,4.0,15.0,16.0,3.0,15.0,15.0,15.0,6.0,2.0,2.0,3.0,12.0,12.0,6.0,13.0,15.0,2.0,13.0,14.0,190.0,5.83,0.15,22.0,0.68,0.49,16.0,19.0,0.58,20.0,20.0,141.0,4.33,26.0,0.8,262.0,8.0,123.0,3.78,0.15,,,,1.0,2.0,2.33,114.0,3.5,60.0,16.85,52.0,1.6,0.09,47.0,1.44,5.0,0.15,0.0,13.0,18.0,129.0,3.96,26.0,0.8,46.0,1.41,86.0,1257.0,38.58,1077.0,33.06,15.75,5.77,461.0,14.15,131.0,4.02,89.0,2.73,,,,,94.0,4.0,0.12,0.89,47.0,1.44,50.0,2.89,81.0,112.0,91.0,2.79,154.32,,5.74,0.18,4.51,0.44,94.0,56.0,74.0,6.0,6.0,,35.0,,,0.58,0.0,7.23,,,,6.5,2932.0,62.38,,224.0,8.89,0.27,9.0,,,,6.0,67.0,2.36,,72.0,,0.64,2.21,,14.49,314.0,297.0,94.0,87.0
2026-2027,Raphinha,Barcelona,"M (R), AM (RL)",,30,Wnt,Full Contract,BRA,33000000.0,33000000.0,12855000.0,12/12/2024,6/30/2029,121000000.0,8.0,8.0,,0.0,0.0,6.7,1.0,0.0,0.0,Squad Player,,Perfectionist,15.0,,Increased,,,15.0,3.0,14.0,17.0,14.0,14.0,14.0,1.0,2.0,13.0,12.0,14.0,14.0,14.0,15.0,1.0,12.0,16.0,15.0,14.0,1.0,7.0,6.0,1.0,8.0,14.0,10.0,8.0,12.0,15.0,3.0,14.0,14.0,14.0,8.0,3.0,2.0,1.0,13.0,9.0,11.0,12.0,16.0,2.0,14.0,14.0,11.0,5.1,,1.0,0.46,0.93,2.0,0.0,0.0,,50.0,9.0,4.18,3.0,1.39,18.1,8.4,5.0,2.32,0.21,,,,0.0,0.0,4.64,1.0,0.46,9.0,14.85,1.0,0.46,0.0,2.0,0.93,0.0,0.0,0.0,1.0,33.0,6.0,2.78,3.0,1.39,2.0,0.93,89.0,81.0,37.58,72.0,33.4,17.63,5.1,34.0,15.77,10.0,4.64,6.0,2.78,,,,,7.0,1.0,0.46,1.39,1.0,0.46,14.0,3.25,78.0,9.0,7.0,3.25,,,0.35,0.16,-1.48,0.69,5.0,8.0,63.0,0.0,3.0,16.0,5.0,,,,,,,,,,194.0,24.25,,,1.48,0.69,0.0,,,,0.0,,1.8,,3.0,,0.46,1.39,,1.48,362.0,320.0,83.0,73.0
2026-2027,Pedri,Barcelona,"M (C), AM (RLC)",,24,,Full Contract,ESP,110000000.0,135000000.0,22672000.0,4/30/2027,6/30/2032,7750000.0,45.0,5.0,40.0,10.0,11.0,7.31,3.0,0.0,5.0,Important Player,Trained at club (15-21),Fairly Professional,14.0,,High,5.0,0.0,15.0,3.0,10.0,17.0,17.0,15.0,12.0,2.0,3.0,17.0,15.0,10.0,16.0,17.0,17.0,2.0,11.0,18.0,18.0,10.0,4.0,7.0,6.0,3.0,12.0,11.0,5.0,9.0,15.0,14.0,1.0,14.0,18.0,12.0,10.0,3.0,1.0,3.0,16.0,10.0,9.0,13.0,18.0,1.0,19.0,15.0,90.0,2.33,0.29,7.0,0.18,0.7,27.0,23.0,0.6,13.0,25.0,63.0,1.63,16.0,0.41,309.2,8.0,103.0,2.67,0.13,,,,2.0,0.0,1.89,17.0,0.44,19.0,14.13,56.0,1.45,0.0,66.0,1.71,3.0,0.08,0.0,10.0,25.0,58.0,1.5,15.0,0.39,65.0,1.69,87.0,1831.0,47.48,1598.0,41.43,8.97,9.75,490.0,12.71,134.0,3.47,165.0,4.28,,,,,77.0,0.0,0.0,0.65,34.0,0.88,44.0,2.0,80.0,92.0,74.0,1.92,347.1,,10.85,0.28,-0.38,0.27,41.0,24.0,76.0,4.0,7.0,,34.0,,,0.26,1.0,7.24,,,,7.3,3471.0,77.13,,195.0,10.38,0.27,0.0,,,,0.0,,2.36,,78.0,,0.57,2.02,,10.38,296.0,231.0,53.0,43.0
2026-2027,Ferran Torres,Barcelona,"M (R), AM (RL), ST (C)",,27,Wnt,Full Contract,ESP,58000000.0,68000000.0,6840000.0,5/26/2025,6/30/2030,84000000.0,36.0,23.0,13.0,10.0,3.0,7.16,0.0,0.0,2.0,Squad Player,Trained in nation (15-21),Resolute,16.0,,Increased,,,15.0,2.0,10.0,15.0,14.0,14.0,12.0,1.0,3.0,12.0,13.0,7.0,14.0,13.0,14.0,3.0,13.0,15.0,14.0,11.0,2.0,11.0,13.0,4.0,10.0,12.0,7.0,6.0,16.0,16.0,1.0,15.0,12.0,11.0,7.0,2.0,1.0,2.0,13.0,12.0,6.0,11.0,14.0,1.0,13.0,12.0,84.0,4.93,0.18,5.0,0.29,0.59,10.0,15.0,0.88,14.0,22.0,46.0,2.7,10.0,0.59,139.1,8.2,51.0,2.99,0.12,,,,1.0,2.0,2.99,33.0,1.94,39.0,15.62,23.0,1.35,0.0,30.0,1.76,0.0,0.0,0.0,15.0,22.0,45.0,2.64,10.0,0.59,30.0,1.76,84.0,631.0,37.05,530.0,31.12,15.5,5.23,242.0,14.21,68.0,3.99,48.0,2.82,,,,,73.0,0.0,0.0,1.59,36.0,2.11,49.0,4.29,80.0,56.0,45.0,2.64,153.3,,4.09,0.24,1.26,0.51,25.0,23.0,72.0,4.0,6.0,,26.0,,,0.59,,,,,,7.7,1533.0,42.58,,18.0,8.74,0.51,0.0,,,,0.0,,2.28,,37.0,,0.88,2.17,,8.74,351.0,289.0,73.0,55.0
2026-2027,Sávio,Barcelona,"M (L), AM (RL), ST (C)",,23,,Full Contract,BRA,91000000.0,129000000.0,4338000.0,7/19/2026,6/30/2031,68000000.0,27.0,23.0,4.0,4.0,2.0,6.98,0.0,0.0,0.0,Regular Starter,,Spirited,15.0,,Low,1.0,1.0,17.0,2.0,8.0,18.0,13.0,14.0,9.0,3.0,3.0,13.0,12.0,12.0,14.0,13.0,16.0,2.0,11.0,15.0,17.0,13.0,3.0,4.0,10.0,1.0,12.0,10.0,11.0,6.0,14.0,15.0,3.0,16.0,12.0,10.0,7.0,2.0,3.0,4.0,13.0,10.0,3.0,11.0,16.0,3.0,15.0,12.0,43.0,3.94,0.18,1.0,0.09,0.27,3.0,6.0,0.55,13.0,11.0,61.0,5.58,7.0,0.64,85.6,7.8,50.0,4.58,0.12,,,,1.0,0.0,3.02,10.0,0.92,23.0,14.74,20.0,1.83,0.0,16.0,1.46,0.0,0.0,0.0,9.0,11.0,51.0,4.67,6.0,0.55,15.0,1.37,80.0,379.0,34.7,305.0,27.92,18.04,4.39,155.0,14.19,35.0,3.2,28.0,2.56,,,,,32.0,0.0,0.0,1.1,9.0,0.82,28.0,2.93,82.0,22.0,18.0,1.65,245.75,,1.38,0.13,0.01,0.37,17.0,15.0,70.0,3.0,5.0,1.0,19.0,,,0.37,0.0,,,,,,983.0,36.41,,134.0,3.99,0.37,0.0,,,,0.0,,2.22,,21.0,,0.27,1.92,,3.99,139.0,132.0,43.0,42.0
2026-2027,Fermín,Barcelona,"M (C), AM (RLC)",,24,Lst,Full Contract,ESP,9200000.0,9200000.0,704000.0,7/10/2023,6/30/2028,0.0,5.0,5.0,,0.0,0.0,6.93,0.0,0.0,0.0,Breakthrough Prospect,Trained at club (15-21),Spirited,15.0,,Increased,,,14.0,3.0,12.0,15.0,12.0,12.0,13.0,3.0,2.0,13.0,12.0,10.0,12.0,13.0,15.0,2.0,12.0,14.0,15.0,9.0,2.0,8.0,5.0,1.0,9.0,11.0,6.0,7.0,14.0,14.0,2.0,12.0,14.0,9.0,9.0,1.0,2.0,3.0,12.0,9.0,8.0,13.0,15.0,3.0,14.0,13.0,2.0,2.5,,0.0,,,0.0,0.0,0.0,,,0.0,0.0,0.0,0.0,5.1,0.0,2.0,2.5,0.1,,,,1.0,0.0,1.25,1.0,1.25,50.0,13.75,1.0,1.25,0.0,1.0,1.25,0.0,0.0,0.0,0.0,,0.0,0.0,0.0,0.0,1.0,1.25,88.0,32.0,40.0,28.0,35.0,15.0,5.0,9.0,11.25,2.0,2.5,3.0,3.75,,,,,9.0,0.0,0.0,2.5,6.0,7.5,67.0,11.25,100.0,1.0,1.0,1.25,,,0.28,0.35,-0.93,1.16,0.0,0.0,80.0,1.0,0.0,27.0,4.0,,,,,,,,,,72.0,14.4,,,0.93,1.16,0.0,,,,0.0,,2.05,,3.0,,0.0,3.75,,0.93,85.0,71.0,14.0,12.0
2026-2027,Dani Rodríguez,Barcelona B,"M (C), AM (RLC), ST (C)",,21,,Full Contract,ESP,60000.0,600000.0,1065000.0,6/8/2024,6/30/2027,0.0,4.0,3.0,1.0,1.0,0.0,6.67,0.0,0.0,0.0,Future Prospect,Trained at club (15-21),,12-16,,Low,,,14.0,1.0,7-10,12-16,9-13,13-17,10-14,3-6,1-4,10-14,10-13,10-13,10-13,13-16,12-16,1-2,9.0,12.0,16-19,13-17,1-4,6.0,2.0,1-4,11-14,11.0,3-7,5-8,15-18,9-13,1-4,12.0,12.0,6-10,7-11,1-4,3-7,1.0,12-15,8.0,2-5,6-9,12.0,1-3,11-14,8-11,18.0,9.64,,0.0,,,0.0,0.0,0.0,9.0,100.0,16.0,8.57,2.0,1.07,13.6,7.3,0.0,,0.08,,,,1.0,0.0,8.04,3.0,1.61,17.0,5.36,0.0,,0.0,1.0,0.54,0.0,0.0,0.0,1.0,13.0,1.0,0.54,1.0,0.54,0.0,0.0,86.0,36.0,19.29,31.0,16.61,18.75,1.07,14.0,7.5,4.0,2.14,4.0,2.14,,,,,11.0,0.0,0.0,2.14,8.0,4.29,73.0,5.89,100.0,4.0,4.0,2.14,168.0,,0.19,0.1,0.11,0.48,5.0,2.0,50.0,2.0,0.0,,2.0,,,0.54,,,,,,,168.0,42.0,,0.0,0.89,0.48,0.0,,,,0.0,,1.7,,2.0,,0.54,1.07,,0.89,87.0,87.0,20.0,20.0
2026-2027,Noah Darvich,Barcelona,"M (C), AM (RLC)",,20,Wnt,Full Contract,FRA,74000000.0,90000000.0,4976000.0,9/5/2026,6/30/2031,2700000.0,37.0,21.0,16.0,6.0,8.0,7.26,1.0,0.0,3.0,Squad Player,Trained at club (15-21),Resolute,15.0,,Increased,,,15.0,3.0,8.0,16.0,13.0,14.0,9.0,1.0,4.0,15.0,12.0,14.0,13.0,14.0,16.0,3.0,12.0,16.0,17.0,14.0,1.0,10.0,16.0,4.0,15.0,12.0,5.0,8.0,16.0,15.0,3.0,14.0,15.0,14.0,9.0,1.0,1.0,1.0,13.0,13.0,8.0,12.0,16.0,3.0,16.0,12.0,85.0,4.64,0.44,4.0,0.22,0.55,10.0,10.0,0.55,8.0,16.0,125.0,6.83,14.0,0.77,148.3,8.1,60.0,3.28,0.13,,,,5.0,3.0,2.57,38.0,2.08,45.0,14.37,32.0,1.75,0.05,50.0,2.73,1.0,0.05,0.0,9.0,11.0,42.0,2.3,7.0,0.38,39.0,2.13,84.0,762.0,41.64,642.0,35.08,17.81,6.34,229.0,12.51,74.0,4.04,74.0,4.04,,,,,73.0,0.0,0.0,1.37,30.0,1.64,41.0,3.99,79.0,29.0,23.0,1.26,274.5,,4.57,0.25,-3.29,0.51,29.0,18.0,70.0,4.0,7.0,,26.0,,,0.33,,,,,,8.6,1647.0,44.51,,0.0,8.5,0.46,2.0,,,,1.0,50.0,2.22,,43.0,,0.77,2.35,,9.29,82.0,61.0,12.0,7.0
2026-2027,Juan Hernández,Barcelona B,"M (C), AM (RLC), ST (C)",,19,,Full Contract,ESP,600000.0,3700000.0,665000.0,6/16/2025,6/30/2028,0.0,33.0,1.0,32.0,17.0,5.0,7.09,2.0,0.0,4.0,Breakthrough Prospect,Trained at club (15-21),Fairly Professional,14.0,,Low,,,14.0,4.0,8.0,17.0,12.0,12.0,10.0,4.0,2.0,12.0,10.0,12.0,13.0,12.0,15.0,2.0,12.0,12.0,16.0,12.0,3.0,8.0,5.0,4.0,9.0,11.0,5.0,5.0,15.0,14.0,2.0,15.0,11.0,11.0,6.0,3.0,1.0,1.0,12.0,10.0,6.0,10.0,14.0,3.0,13.0,11.0,178.0,6.23,0.17,3.0,0.1,0.31,9.0,8.0,0.28,16.0,35.0,88.0,3.08,20.0,0.7,211.3,7.4,44.0,1.54,0.1,,,,5.0,2.0,5.04,34.0,1.19,19.0,6.51,23.0,0.8,0.0,42.0,1.47,0.0,0.0,0.0,14.0,23.0,20.0,0.7,7.0,0.24,15.0,0.52,86.0,601.0,21.03,516.0,18.06,16.27,2.31,197.0,6.89,44.0,1.54,17.0,0.59,,,,,104.0,0.0,0.0,1.47,61.0,2.13,59.0,3.64,79.0,47.0,37.0,1.29,151.29,,6.58,0.23,6.23,0.38,62.0,24.0,64.0,6.0,6.0,,21.0,,,0.59,,,,,,,2572.0,77.94,,0.0,9.96,0.35,1.0,,,,0.0,0.0,2.09,,46.0,,0.77,1.61,,10.77,51.0,51.0,20.0,20.0
2026-2027,Eloi Plà,Barcelona,M/AM (L),,18,Inj,Full Contract,ESP,100000.0,1000000.0,3600.0,3/29/2025,6/30/2029,0.0,,,,,,,,,,Youngster,Trained at club (15-21),Resolute,15.0,A hip injury,High,,,10.0,2.0,12.0,15.0,10.0,14.0,9.0,3.0,3.0,6.0,5.0,6.0,13.0,9.0,13.0,3.0,7.0,9.0,7.0,4.0,3.0,4.0,6.0,2.0,12.0,2.0,4.0,3.0,15.0,8.0,2.0,13.0,9.0,4.0,5.0,1.0,1.0,3.0,11.0,7.0,7.0,9.0,12.0,2.0,12.0,14.0,,,,,,,,,,,,,,,,,,,,,,,,,,,,,,,,,,,,,,,,,,,,,,,,,,,,,,,,,,,,,,,,,,,,,,,,,,,,,,,,,,,,,,,56.0,,,,,,,,,,,,,,,,,,,,,,,,,,,,,,,1.0,1.0,,
2026-2027,Eloi Burgada,Barcelona B,M/AM (L),,19,Int,Full Contract,ESP,4000000.0,7800000.0,3600.0,3/29/2024,6/30/2028,0.0,,,,,,,,,,Breakthrough Prospect,Trained at club (15-21),Resolute,15.0,,Low,,,16.0,1-2,7.0,13-16,8-11,13-16,6-9,1-5,1-2,10.0,7-10,9-12,14.0,12.0,11.0,1-4,9.0,11.0,13.0,7-10,1-3,6.0,12.0,1-3,11-15,5.0,4-7,7-10,11-15,12.0,2-5,16.0,9.0,6.0,3-6,1-5,1-3,1-2,11.0,10.0,2-6,12-16,11.0,1-2,7.0,12.0,,,,,,,,,,,,,,,,,,,,,,,,,,,,,,,,,,,,,,,,,,,,,,,,,,,,,,,,,,,,,,,,,,,,,,,,,,,,,,,,,,,,,,,47.0,,,,,,,,,,,,,,,,,,,,,,,,,,,,,,,3.0,3.0,1.0,1.0
2026-2027,Enric Viladegut,Barcelona,AM (R),,17,Yth,Full Contract,ESP,Unknown,Unknown,3600.0,3/29/2026,6/30/2030,0.0,,,,,,,,,,Scouting Required,Trained at club (15-21),,7-15,,Low,,,8-16,,5-13,,,,,,,,,,,,7-13,,8-14,1-9,12-20,,,1-6,5-13,,,5-15,,,,4-10,,2-12,7-15,,,,,,10-20,1-6,,,10-20,,1-10,11-20,,,,,,,,,,,,,,,,,,,,,,,,,,,,,,,,,,,,,,,,,,,,,,,,,,,,,,,,,,,,,,,,,,,,,,,,,,,,,,,,,,,,,,,54.0,,,,,,,,,,,,,,,,,,,,,,,,,,,,,,,,,,
2026-2027,Jan Manresa,Barcelona,AM (L),,16,,Full Contract,ESP,Unknown,Unknown,1095000.0,10/12/2026,6/30/2029,0.0,,,,,,,,,,Scouting Required,,,12-18,,Low,,,7-17,,14-20,,,,,,,,,,,,1-9,,8-16,9-15,5-15,,,3-11,6-16,,,5-11,,,,2-10,,8-16,8-18,,,,,,9-15,7-13,,,9-15,,8-16,8-14,,,,,,,,,,,,,,,,,,,,,,,,,,,,,,,,,,,,,,,,,,,,,,,,,,,,,,,,,,,,,,,,,,,,,,,,,,,,,,,,,,,,,,,47.0,,,,,,,,,,,,,,,,,,,,,,,,,,,,,,,1.0,1.0,,
2026-2027,Josep Lluis Robusté,Barcelona,AM (L),,15,Yth,Full Contract,ESP,Unknown,Unknown,3600.0,3/30/2027,6/30/2031,0.0,,,,,,,,,,Scouting Required,,,1-7,,Increased,,,2-12,,11-20,,,,,,,,,,,,9-19,,1-5,8-14,6-12,,,8-16,5-11,,,6-14,,,,7-17,,9-17,2-12,,,,,,9-17,4-10,,,6-14,,10-18,10-18,,,,,,,,,,,,,,,,,,,,,,,,,,,,,,,,,,,,,,,,,,,,,,,,,,,,,,,,,,,,,,,,,,,,,,,,,,,,,,,,,,,,,,,14.0,,,,,,,,,,,,,,,,,,,,,,,,,,,,,,,,,,
2026-2027,Jan Jou,Barcelona,"AM (RC), ST (C)",,17,Yth,Full Contract,ESP,275000.0,800000.0,3600.0,3/29/2025,6/30/2029,0.0,,,,,,,,,,Youngster,Trained at club (15-21),Fairly Professional,6.0,,Increased,,,9.0,2.0,12.0,9.0,11.0,10.0,9.0,2.0,3.0,12.0,7.0,8.0,10.0,12.0,9.0,3.0,15.0,15.0,14.0,11.0,2.0,9.0,13.0,1.0,7.0,8.0,4.0,4.0,16.0,12.0,1.0,10.0,11.0,4.0,7.0,1.0,2.0,1.0,12.0,10.0,5.0,11.0,15.0,1.0,10.0,8.0,,,,,,,,,,,,,,,,,,,,,,,,,,,,,,,,,,,,,,,,,,,,,,,,,,,,,,,,,,,,,,,,,,,,,,,,,,,,,,,,,,,,,,,107.0,,,,,,,,,,,,,,,,,,,,,,,,,,,,,,,,,,
2026-2027,Ansu Fati,Barcelona,"AM (RLC), ST (C)",,24,Inj,Full Contract,ESP,129000000.0,188000000.0,17005000.0,1/13/2026,6/30/2030,0.0,39.0,2.0,37.0,12.0,11.0,7.31,2.0,0.0,3.0,Regular Starter,Trained at club (15-21),Fairly Determined,16.0,A thigh strain,Normal,7.0,0.0,16.0,2.0,8.0,16.0,16.0,16.0,11.0,2.0,3.0,16.0,14.0,8.0,14.0,13.0,16.0,2.0,16.0,15.0,18.0,9.0,1.0,12.0,8.0,3.0,11.0,15.0,7.0,6.0,16.0,17.0,3.0,16.0,13.0,12.0,7.0,3.0,3.0,3.0,13.0,12.0,5.0,11.0,16.0,2.0,16.0,11.0,144.0,4.76,0.36,7.0,0.23,0.76,23.0,16.0,0.53,13.0,23.0,69.0,2.28,16.0,0.53,242.2,8.0,90.0,2.98,0.14,,,,0.0,1.0,3.64,34.0,1.12,24.0,12.54,38.0,1.26,0.03,48.0,1.59,1.0,0.03,0.0,16.0,23.0,69.0,2.28,16.0,0.53,48.0,1.59,83.0,948.0,31.36,788.0,26.06,14.32,5.33,331.0,10.95,91.0,3.01,90.0,2.98,,,,,91.0,0.0,0.0,0.76,40.0,1.32,44.0,3.01,92.0,61.0,56.0,1.85,226.75,,8.79,0.29,-0.32,0.41,70.0,26.0,74.0,5.0,5.0,1.0,29.0,,,0.4,2.0,6.94,,,,,2721.0,69.77,,9.0,11.51,0.38,2.0,,,,1.0,50.0,2.36,,70.0,,0.53,2.32,,12.32,239.0,187.0,84.0,63.0
2026-2027,Vitor Roque,Barcelona,"AM (RL), ST (C)",,22,Inj,Full Contract,BRA,85000000.0,106000000.0,3605000.0,5/16/2025,6/30/2031,48000000.0,50.0,9.0,41.0,26.0,6.0,7.12,3.0,0.0,3.0,Squad Player,Trained at club (15-21),Fairly Professional,14.0,Sprained knee ligaments,Very High,,,16.0,1-2,11.0,16.0,15.0,14.0,10.0,1-3,1-3,15.0,14.0,12-14,13.0,14.0,16.0,1-2,16.0,14.0,14.0,7-10,1-3,13.0,7.0,1-2,11.0,14.0,6-8,8-10,14.0,15.0,1-3,15.0,13.0,13.0,9-12,3-5,2-5,1-3,15.0,13.0,6-8,13.0,15.0,2-4,14.0,13.0,218.0,5.14,0.14,0.0,,0.4,17.0,12.0,0.28,21.0,11.0,57.0,1.34,7.0,0.17,323.2,7.6,49.0,1.16,0.23,,,,0.0,4.0,4.29,36.0,0.85,17.0,6.04,29.0,0.68,0.05,40.0,0.94,0.0,0.0,0.0,52.0,12.0,26.0,0.61,3.0,0.07,36.0,0.85,85.0,720.0,16.99,611.0,14.41,10.47,2.48,266.0,6.28,66.0,1.56,29.0,0.68,,,,,122.0,0.0,0.0,0.64,63.0,1.49,52.0,2.88,63.0,65.0,41.0,0.97,146.73,,7.5,0.18,-1.94,0.66,73.0,66.0,74.0,5.0,8.0,,37.0,,,0.61,,,,,,7.1,3815.0,76.3,,119.0,25.54,0.6,4.0,,,,2.0,50.0,2.32,,94.0,,0.57,2.22,,27.94,204.0,160.0,82.0,59.0
2026-2027,Lamine Yamal,Barcelona,"AM (RL), ST (C)",,19,,Full Contract,ESP,121000000.0,148000000.0,4917000.0,7/29/2025,6/30/2030,0.0,19.0,0.0,19.0,6.0,4.0,7.37,1.0,0.0,2.0,Important Player,Trained at club (15-21),Resolute,16.0,,Increased,3.0,0.0,17.0,3.0,9.0,20.0,16.0,15.0,11.0,1.0,2.0,14.0,14.0,12.0,16.0,15.0,17.0,3.0,13.0,17.0,20.0,14.0,3.0,10.0,13.0,2.0,10.0,12.0,7.0,7.0,15.0,16.0,2.0,17.0,16.0,12.0,7.0,2.0,1.0,1.0,13.0,13.0,7.0,12.0,17.0,2.0,18.0,12.0,81.0,4.86,0.24,8.0,0.48,0.54,9.0,9.0,0.54,16.0,20.0,85.0,5.1,19.0,1.14,135.1,8.1,59.0,3.54,0.09,,,,4.0,0.0,2.4,41.0,2.46,51.0,15.42,28.0,1.68,0.12,29.0,1.74,0.0,0.0,0.0,10.0,22.0,65.0,3.9,13.0,0.78,23.0,1.38,85.0,645.0,38.7,547.0,32.82,13.26,6.84,247.0,14.82,70.0,4.2,52.0,3.12,,,,,37.0,1.0,0.06,0.84,22.0,1.32,59.0,2.22,85.0,53.0,45.0,2.7,250.0,,3.86,0.23,2.79,0.19,25.0,22.0,74.0,2.0,3.0,,14.0,,,0.36,0.0,7.0,,,,6.4,1500.0,78.95,,84.0,3.21,0.19,1.0,,,,1.0,100.0,2.32,,32.0,,0.6,1.92,,3.21,140.0,95.0,26.0,23.0
2026-2027,Hugo Alba,Barcelona B,"AM (RL), ST (C)",,20,,Full Contract,ESP,16000.0,160000.0,164000.0,6/9/2025,6/30/2027,0.0,33.0,27.0,6.0,3.0,0.0,6.83,0.0,0.0,0.0,Youngster,Trained at club (15-21),Fairly Professional,14.0,,Low,,,14.0,2.0,11.0,15.0,11.0,13.0,9.0,3.0,3.0,13.0,10.0,7.0,9.0,11.0,13.0,2.0,14.0,12.0,16.0,10.0,4.0,10.0,11.0,3.0,10.0,11.0,5.0,5.0,15.0,13.0,4.0,12.0,11.0,12.0,6.0,1.0,1.0,1.0,10.0,12.0,5.0,10.0,12.0,2.0,12.0,9.0,130.0,10.09,,2.0,0.16,0.23,3.0,6.0,0.47,3.0,20.0,5.0,0.39,1.0,0.08,89.1,6.9,15.0,1.16,0.11,,,,3.0,0.0,7.45,34.0,2.64,26.0,5.51,11.0,0.85,0.0,5.0,0.39,0.0,0.0,0.0,7.0,20.0,5.0,0.39,1.0,0.08,3.0,0.23,85.0,280.0,21.74,237.0,18.4,20.81,1.16,91.0,7.07,19.0,1.48,8.0,0.62,,,,,86.0,0.0,0.0,1.79,36.0,2.8,42.0,6.68,94.0,18.0,17.0,1.32,386.33,,1.5,0.12,-6.08,0.71,24.0,15.0,64.0,5.0,7.0,,21.0,,,0.23,,,,,,,1159.0,35.12,,0.0,9.08,0.71,1.0,,,,1.0,100.0,2.06,,15.0,,0.47,1.16,,9.08,82.0,82.0,17.0,17.0
2026-2027,Marc Guiu,Barcelona B,ST (C),,21,,Full Contract,ESP,14000.0,2400000.0,986000.0,1/5/2025,6/30/2029,0.0,30.0,0.0,30.0,16.0,1.0,7.02,1.0,0.0,2.0,Breakthrough Prospect,Trained at club (15-21),Fairly Professional,14.0,,Low,,,13.0,3.0,14.0,14.0,12.0,13.0,11.0,3.0,2.0,15.0,10.0,6.0,8.0,13.0,12.0,2.0,13.0,13.0,15.0,8.0,3.0,13.0,13.0,1.0,9.0,12.0,5.0,8.0,15.0,14.0,3.0,13.0,9.0,12.0,9.0,2.0,1.0,1.0,12.0,13.0,7.0,8.0,13.0,3.0,12.0,10.0,249.0,10.4,0.04,4.0,0.17,0.17,4.0,8.0,0.33,17.0,7.0,14.0,0.58,1.0,0.04,169.8,7.1,26.0,1.09,0.11,,,,0.0,5.0,6.43,95.0,3.97,38.0,6.1,23.0,0.96,0.25,16.0,0.67,0.0,0.0,0.0,13.0,7.0,14.0,0.58,1.0,0.04,16.0,0.67,82.0,508.0,21.23,418.0,17.47,21.23,2.09,160.0,6.69,45.0,1.88,22.0,0.92,,,,,96.0,0.0,0.0,1.25,50.0,2.09,52.0,4.01,70.0,47.0,33.0,1.38,134.62,,1.15,0.05,5.61,0.43,48.0,27.0,73.0,3.0,5.0,,22.0,,,0.67,,,,,,,2154.0,71.8,,0.0,10.39,0.43,2.0,,,,2.0,100.0,2.3,,43.0,,0.58,1.8,,10.39,163.0,154.0,58.0,57.0
2026-2027,Òscar Jou,Barcelona,ST (C),,18,Yth,Full Contract,ESP,110000.0,1100000.0,3600.0,3/29/2024,6/30/2028,0.0,,,,,,,,,,Future Prospect,Trained at club (15-21),Realist,11.0,,Normal,,,13.0,3.0,10.0,13.0,12.0,16.0,10.0,1.0,3.0,11.0,6.0,5.0,7.0,12.0,10.0,3.0,10.0,12.0,14.0,3.0,2.0,14.0,12.0,2.0,7.0,8.0,4.0,1.0,16.0,9.0,2.0,12.0,7.0,6.0,5.0,1.0,2.0,3.0,12.0,16.0,1.0,10.0,14.0,3.0,7.0,13.0,,,,,,,,,,,,,,,,,,,,,,,,,,,,,,,,,,,,,,,,,,,,,,,,,,,,,,,,,,,,,,,,,,,,,,,,,,,,,,,,,,,,,,,14.0,,,,,,,,,,,,,,,,,,,,,,,,,,,,,,,4.0,4.0,1.0,1.0
2026-2027,Andreu Nicolás,Barcelona,ST (C),,16,Yth,Full Contract,ESP,Unknown,Unknown,3600.0,3/29/2026,6/30/2030,0.0,,,,,,,,,,Scouting Required,,,7-13,,Low,,,4-14,,2-12,,,,,,,,,,,,6-16,,8-16,8-14,10-16,,,8-16,7-13,,,2-10,,,,9-19,,9-17,2-12,,,,,,8-16,1-7,,,9-17,,10-18,5-13,,,,,,,,,,,,,,,,,,,,,,,,,,,,,,,,,,,,,,,,,,,,,,,,,,,,,,,,,,,,,,,,,,,,,,,,,,,,,,,,,,,,,,,14.0,,,,,,,,,,,,,,,,,,,,,,,,,,,,,,,1.0,1.0,,
2026-2027,Ricard Tarrenchs,Barcelona,ST (C),,15,Yth,Full Contract,ESP,Unknown,Unknown,3600.0,3/30/2027,6/30/2031,0.0,,,,,,,,,,Scouting Required,,,13-20,,Increased,,,3-9,,5-11,,,,,,,,,,,,5-15,,3-13,5-13,8-14,,,2-10,3-9,,,6-14,,,,1-11,,1-5,10-16,,,,,,8-16,1-8,,,14-20,,3-11,7-15,,,,,,,,,,,,,,,,,,,,,,,,,,,,,,,,,,,,,,,,,,,,,,,,,,,,,,,,,,,,,,,,,,,,,,,,,,,,,,,,,,,,,,,15.0,,,,,,,,,,,,,,,,,,,,,,,,,,,,,,,,,,
2026-2027,Idris Ugochukwu,Barcelona,ST (C),,16,Yth,Full Contract,ESP,Unknown,Unknown,3600.0,3/30/2027,6/30/2031,0.0,,,,,,,,,,Scouting Required,,,10-16,,Increased,,,4-14,,4-14,,,,,,,,,,,,1-9,,13-20,7-13,5-15,,,1-9,5-15,,,1-6,,,,1-9,,1-8,5-15,,,,,,3-9,3-9,,,9-15,,1-9,8-14,,,,,,,,,,,,,,,,,,,,,,,,,,,,,,,,,,,,,,,,,,,,,,,,,,,,,,,,,,,,,,,,,,,,,,,,,,,,,,,,,,,,,,,15.0,,,,,,,,,,,,,,,,,,,,,,,,,,,,,,,,,,
