Season,Name,Club,Position,Position Selected,Age,Inf,Type,Nat,Transfer Value (Low),Transfer Value (High),Salary,Begins,Expires,Transfer Fees Received,Ability,Potential,Apps (Total),Apps (Sub Apps),Starts,Gls,Ast,Av Rat,Yel,Red,PoM,Agreed Playing Time,Home Grown Status,Personality,Det,Injury,Injury Risk,Int Apps (Total),Int Apps (Sub Apps),Injury Susceptibility,Acceleration,Aerial Reach,Aggression,Agility,Anticipation,Balance,Bravery,Command of Area,Communication,Composure,Concentration,Corners,Crossing,Decisions,Dribbling,Eccentricity,Finishing,First Touch,Flair,Free Kick Taking,Handling,Heading,Jumping Reach,Kicking,Leadership,Long Shots,Long Throws,Marking,Natural Fitness,Off The Ball,One on Ones,Pace,Passing,Penalty Taking,Positioning,Punching (Tendency),Reflexes,Rushing Out (Tendency),Stamina,Strength,Tackling,Teamwork,Technique,Throwing,Vision,Work Rate,Hdrs A,Aer A/90,Asts/90,Blk,Blk/90,Ch C/90,CCC,Clear,Clr/90,Conv %,Cr C/A,Cr A,Crs A/90,Cr C,Cr C/90,Distance,Dist/90,Drb,Drb/90,xG/shot,xGP,xGP/90,xSv %,FK Shots,Goals Outside Box,Hdrs L/90,Hdrs,Hdrs W/90,Hdr %,Sprints/90,Itc,Int/90,K Hdrs/90,K Pas,K Ps/90,K Tck,K Tck/90,Gl Mst,Off,OP-Cr %,OP-Crs A,OP-Crs A/90,OP-Crs C,OP-Crs C/90,OP-KP,OP-KP/90,Pas %,Pas A,Ps A/90,Ps C,Ps C/90,Poss Lost/90,Poss Won/90,Pres A,Pres A/90,Pres C,Pres C/90,Pr Passes,Pr passes/90,Sv %,Svh,Svp,Svt,Shots,Shts Blckd,Shts Blckd/90,Shots Outside Box/90,ShT,ShT/90,Shot %,Shot/90,Tck R,Tck A,Tck C,Tck/90,Mins/Gl,Cln/90,xA,xA/90,xG-OP,xG/90,FA,Fls,Gwin,D,Lost,G. Mis,Won,Conc,All/90,Gls/90,Int Ast,Int Av Rat,Int Conc,Last 5 FT Games,Last 5 Games,LMR,Mins,Mins/Gm,Last C,Last Gl,NP-xG,NP-xG/90,Pens,Pens Faced,Pens Saved,Pens Saved Ratio,Pens S,Pen/R,Pts/Gm,Shutouts,Tgls,Tall,Tcon/90,Tgls/90,Saves/90,xG,AT Apps,AT Lge Apps,AT Gls,AT Lge Gls
2026-2027,Telmo Abreu,Benfica,ST (C),,16,Yth,Full Contract,POR,500.0,7000.0,5750.0,4/25/2027,6/30/2031,0.0,,,,,,,,,,,,Youngster,,Fairly Sporting,11,,Low,,,Low,12,1,12,9,5,9,6,4,3,8,4,3,6,10,7,3,14,7,8,4,2,5,5,2,14,6,2,2,12,13,2,11,5,7,5,1,2,1,10,3,2,4,7,3,6,4,,,,,,,,,,,,,,,,,,,,,,,,,,,,,,,,,,,,,,,,,,,,,,,,,,,,,,,,,,,,,,,,,,,,,,,,,,,,,,,,,,,,,,,1.0,,,,,,,,,,,,,,,,,,,,,,,,,,,,,,,,,,
2026-2027,João Oliveira,Belenenses,ST (C),,19,,Full Contract,POR,1200000.0,5600000.0,144000.0,3/15/2025,6/30/2028,6000.0,,,36.0,6.0,30.0,14.0,1.0,6.8,0.0,0.0,2.0,Out On Loan,Trained at club (15-21),Fairly Professional,11,,,,,Average,14,1,10,13,12,11,6,1,3,12,8,6,7,13,14,3,14,13,16,8,3,10,15,3,7,7,4,3,10,15,1,11,9,10,7,3,1,1,12,11,3,8,16,1,10,7,315.0,10.9,0.03,7.0,0.24,0.14,4.0,13.0,0.45,22.0,5.0,20.0,0.69,1.0,0.03,208.9,7.2,33.0,1.14,0.13,,,,0.0,2.0,7.75,91.0,3.15,29.0,6.19,34.0,1.18,0.14,17.0,0.59,0.0,0.0,0.0,21.0,5.0,20.0,0.69,1.0,0.03,17.0,0.59,86.0,670.0,23.17,577.0,19.96,15.15,2.32,198.0,6.85,44.0,1.52,28.0,0.97,,,,,63.0,0.0,0.0,0.55,36.0,1.25,57.0,2.18,79.0,38.0,30.0,1.04,185.86,,1.46,0.05,5.97,0.28,63.0,40.0,58.0,8.0,7.0,,21.0,,,0.48,,,,,,,2602.0,72.28,,78.0,8.03,0.28,1.0,,,,1.0,100.0,1.97,,50.0,,1.21,1.73,,8.03,52.0,49.0,17.0,16.0
2026-2027,Gustavo Ferreira,Watford,ST (C),,20,,Full Contract,POR,19000000.0,22000000.0,274000.0,11/5/2024,6/30/2028,0.0,,,44.0,6.0,38.0,13.0,2.0,6.7,2.0,0.0,1.0,Out On Loan,Trained at club (15-21),Resolute,15,,,,,Below Average,15,2,10,13,13,15,10,1,4,14,11,10,8,12,11,1,13,12,14,6,3,13,13,1,8,11,6,8,15,14,3,15,10,12,9,2,2,2,13,13,6,11,12,1,12,10,361.0,10.59,0.06,4.0,0.12,0.09,3.0,14.0,0.41,14.0,6.0,15.0,0.44,1.0,0.03,254.0,7.5,50.0,1.47,0.15,,,,0.0,2.0,6.78,130.0,3.81,36.0,6.28,36.0,1.06,0.18,19.0,0.56,0.0,0.0,0.0,21.0,7.0,15.0,0.44,1.0,0.03,19.0,0.56,83.0,728.0,21.36,603.0,17.69,21.41,2.02,252.0,7.39,51.0,1.5,22.0,0.65,,,,,92.0,0.0,0.0,0.85,40.0,1.17,43.0,2.7,80.0,45.0,36.0,1.06,236.0,,2.13,0.06,-0.37,0.39,73.0,38.0,23.0,15.0,19.0,,10.0,,,0.38,,,,,,,3068.0,69.73,,99.0,13.37,0.39,1.0,,,,1.0,100.0,1.02,,32.0,,1.5,0.94,,13.37,109.0,105.0,42.0,40.0
2026-2027,Jair Monteiro,Arouca,ST (C),,20,,Full Contract,POR,600000.0,1100000.0,122000.0,8/3/2024,6/30/2028,19250.0,,,16.0,0.0,16.0,4.0,1.0,6.72,0.0,0.0,0.0,Out On Loan,Trained at club (15-21),Fairly Professional,14,,,,,Below Average,13,1,9,14,13,15,9,1,3,12,13,8,9,12,11,1,13,12,13,6,1,12,13,2,8,11,5,7,15,13,2,13,10,10,11,4,2,3,13,13,7,9,11,1,11,9,150.0,10.88,0.07,3.0,0.22,0.22,3.0,10.0,0.73,11.0,28.0,7.0,0.51,2.0,0.15,101.2,7.3,20.0,1.45,0.12,,,,0.0,1.0,7.32,49.0,3.55,33.0,6.89,17.0,1.23,0.07,12.0,0.87,0.0,0.0,0.0,5.0,29.0,7.0,0.51,2.0,0.15,12.0,0.87,85.0,309.0,22.41,263.0,19.07,17.62,2.76,98.0,7.11,12.0,0.87,14.0,1.02,,,,,36.0,0.0,0.0,0.87,15.0,1.09,42.0,2.61,71.0,14.0,10.0,0.73,310.25,,1.21,0.09,-0.44,0.32,28.0,16.0,50.0,6.0,2.0,,8.0,,,0.29,,,,,,,1241.0,77.56,,315.0,4.44,0.32,0.0,,,,0.0,,1.88,,23.0,,0.87,1.67,,4.44,85.0,85.0,25.0,25.0
2026-2027,Arthur Cabral,Benfica,ST (C),S4,29,,Full Contract,BRA,29000000.0,32000000.0,5148000.0,7/17/2026,6/30/2030,40000000.0,,,37.0,15.0,22.0,17.0,3.0,7.03,0.0,0.0,3.0,Squad Player,,Balanced,12,,Increased,,,Below Average,12,2,12,13,15,16,14,3,1,14,12,8,10,14,14,3,15,14,14,7,3,15,14,2,10,12,4,5,13,14,2,13,12,15,7,2,1,2,13,15,6,12,16,3,14,10,186.0,6.86,0.11,5.0,0.18,0.22,6.0,2.0,0.07,24.0,,4.0,0.15,0.0,0.0,203.4,7.5,25.0,0.92,0.19,,,,0.0,2.0,4.06,76.0,2.8,41.0,4.83,17.0,0.63,0.26,18.0,0.66,0.0,0.0,0.0,17.0,0.0,4.0,0.15,0.0,0.0,18.0,0.66,84.0,535.0,19.73,452.0,16.67,5.64,2.73,128.0,4.72,22.0,0.81,40.0,1.48,,,,,71.0,4.0,0.15,0.66,47.0,1.73,66.0,2.62,83.0,24.0,20.0,0.74,143.53,,2.04,0.08,3.49,0.5,26.0,22.0,62.0,8.0,6.0,,23.0,,,0.63,,,,,,6.7,2440.0,65.95,,53.0,11.14,0.41,3.0,,,,3.0,100.0,2.08,,51.0,,0.92,1.88,,13.51,319.0,266.0,159.0,125.0
2026-2027,Faustino Algarvio,Benfica,"AM (L), ST (C)",,16,Yth,Full Contract,POR,50000.0,475000.0,5750.0,4/25/2027,6/30/2031,0.0,,,,,,,,,,,,Youngster,,Fairly Ambitious,13,,Low,,,Below Average,15,1,8,12,7,13,7,4,1,8,6,8,10,5,12,1,7,8,8,11,1,2,3,2,12,6,1,5,16,5,1,14,8,6,5,2,3,3,11,3,3,7,6,1,5,5,,,,,,,,,,,,,,,,,,,,,,,,,,,,,,,,,,,,,,,,,,,,,,,,,,,,,,,,,,,,,,,,,,,,,,,,,,,,,,,,,,,,,,,1.0,,,,,,,,,,,,,,,,,,,,,,,,,,,,,,,,,,
2026-2027,Gerson Oliveira,Benfica,"AM (L), ST (C)",,17,Yth,Full Contract,POR,60000.0,600000.0,3600.0,3/21/2026,6/30/2030,0.0,,,,,,,,,,,,Youngster,Trained at club (15-21),Realist,16,,Low,,,Low,14,2,6,12,8,13,7,2,3,12,6,4,9,8,8,1,8,10,14,5,2,6,8,2,12,6,1,3,6,12,3,13,10,7,6,2,2,1,11,5,3,6,14,1,11,7,,,,,,,,,,,,,,,,,,,,,,,,,,,,,,,,,,,,,,,,,,,,,,,,,,,,,,,,,,,,,,,,,,,,,,,,,,,,,,,,,,,,,,,1.0,,,,,,,,,,,,,,,,,,,,,,,,,,,,,,,18.0,7.0,2.0,1.0
2026-2027,Abulai Tavares,Benfica,"AM (LC), ST (C)",S7,18,Loa,Full Contract,POR,24000000.0,29000000.0,699000.0,1/14/2027,6/30/2031,0.0,,,3.0,3.0,,1.0,1.0,7.17,0.0,0.0,0.0,Breakthrough Prospect,Trained at club (15-21),Ambitious,10,,High,,,Very High,11,2,11,14,13,16,9,3,2,13,10,9,14,14,14,3,15,14,15,8,3,12,12,2,8,11,5,7,15,15,2,14,12,7,6,3,1,2,11,10,7,9,15,2,9,13,5.0,4.09,0.82,0.0,,,0.0,0.0,0.0,100.0,,7.0,5.73,0.0,0.0,9.0,7.4,1.0,0.82,0.31,,,,0.0,0.0,4.09,0.0,0.0,0.0,6.55,1.0,0.82,0.0,1.0,0.82,0.0,0.0,0.0,0.0,0.0,1.0,0.82,0.0,0.0,1.0,0.82,92.0,13.0,10.64,12.0,9.82,5.73,3.27,7.0,5.73,1.0,0.82,0.0,0.0,,,,,1.0,0.0,0.0,0.0,1.0,0.82,100.0,0.82,100.0,1.0,1.0,0.82,110.0,,0.08,0.07,0.69,0.25,1.0,0.0,100.0,0.0,0.0,1.0,3.0,,,0.82,,,,,,,110.0,36.67,,82.0,0.31,0.25,0.0,,,,0.0,,1.95,,9.0,,0.0,7.36,,0.31,108.0,28.0,40.0,4.0
2026-2027,Ian Subiabre,Benfica,"AM (RLC), ST (C)",S10,20,Loa,Full Contract,ARG,8800000.0,11500000.0,359000.0,1/2/2026,6/30/2030,9750000.0,,,1.0,1.0,,0.0,0.0,6.6,0.0,0.0,0.0,Breakthrough Prospect,,Balanced,10,,Low,,,Above Average,15,1,6,14,9,15,6,2,3,11,6,10,12,12,14,2,15,12,15,8,3,10,5,3,12,12,8,5,16,12,1,13,15,5,5,2,3,1,14,9,9,9,10,3,12,12,0.0,,,0.0,,,0.0,0.0,,,,3.0,,1.0,,1.8,,0.0,,0.07,,,,0.0,0.0,,,,,,0.0,,,1.0,,0.0,,0.0,0.0,,0.0,,0.0,,0.0,,82.0,11.0,,9.0,,,,1.0,,0.0,,0.0,,,,,,2.0,0.0,,,0.0,,0.0,,,0.0,,,,,0.02,,-0.14,,0.0,0.0,100.0,0.0,0.0,19.0,1.0,,,,,,,,,,18.0,18.0,,,0.14,,0.0,,,,0.0,,,,0.0,,,,,0.14,42.0,13.0,12.0,
2026-2027,Karel Mustmaa,Varzim,"AM (L), ST (C)",,21,,Full Contract,EST,30000.0,200000.0,55000.0,1/4/2024,6/30/2028,0.0,,,32.0,1.0,31.0,9.0,4.0,6.85,0.0,0.0,0.0,Out On Loan,Trained at club (15-21),Fairly Professional,9,,,7.0,0.0,Below Average,14,2,10,12,12,11,9,1,1,12,9,10,11,11,12,1,13,13,15,11,1,9,10,1,9,11,4,7,14,12,2,14,10,10,9,2,2,3,13,11,5,8,12,3,12,8,155.0,5.52,0.14,9.0,0.32,0.18,5.0,21.0,0.75,23.0,11.0,92.0,3.28,10.0,0.36,217.6,7.8,72.0,2.57,0.1,,,,4.0,1.0,3.78,49.0,1.75,32.0,11.83,56.0,2.0,0.04,50.0,1.78,1.0,0.04,0.0,14.0,11.0,90.0,3.21,10.0,0.36,38.0,1.35,86.0,962.0,34.29,823.0,29.33,20.35,4.67,328.0,11.69,82.0,2.92,72.0,2.57,,,,,40.0,0.0,0.0,0.53,20.0,0.71,50.0,1.43,73.0,75.0,55.0,1.96,280.56,,1.44,0.05,5.09,0.14,35.0,23.0,28.0,5.0,18.0,,9.0,,,0.32,0.0,6.76,,,,,2525.0,78.91,,88.0,3.91,0.14,0.0,,,,0.0,,1.0,,33.0,,1.28,1.18,,3.91,98.0,93.0,31.0,28.0
2026-2027,Vangelis Pavlidis,Benfica,"AM (RLC), ST (C)",,28,Inj,Full Contract,GRE,50000000.0,50000000.0,6194000.0,7/1/2025,6/30/2030,3000000.0,,,33.0,7.0,26.0,10.0,9.0,7.13,2.0,0.0,3.0,Regular Starter,,Balanced,14,Damaged cruciate ligaments,Very High,6.0,1.0,Below Average,13,2,11,13,14,15,13,1,2,14,14,7,9,14,14,3,15,13,14,8,3,14,15,2,12,11,2,6,13,15,2,12,12,11,5,2,2,2,13,14,6,14,13,1,14,16,161.0,6.82,0.38,9.0,0.38,0.51,12.0,6.0,0.25,16.0,18.0,44.0,1.86,8.0,0.34,183.4,7.8,36.0,1.52,0.14,,,,0.0,3.0,3.17,86.0,3.64,53.0,10.54,17.0,0.72,0.0,27.0,1.14,1.0,0.04,0.0,16.0,18.0,44.0,1.86,8.0,0.34,27.0,1.14,85.0,686.0,29.04,582.0,24.64,9.91,4.11,186.0,7.87,48.0,2.03,41.0,1.74,,,,,64.0,3.0,0.13,0.76,31.0,1.31,48.0,2.71,73.0,45.0,33.0,1.4,212.6,,3.82,0.16,0.74,0.39,42.0,21.0,64.0,7.0,5.0,,21.0,,,0.42,0.0,6.5,,,,,2126.0,64.42,,108.0,9.26,0.39,0.0,,,,0.0,,2.12,,56.0,,0.8,2.37,,9.26,288.0,258.0,101.0,93.0
2026-2027,Marcos Leonardo,Benfica,"AM (L), ST (C)",STC,24,Wnt,Full Contract,BRA,51000000.0,51000000.0,3848000.0,9/15/2025,6/30/2030,19250000.0,,,39.0,9.0,30.0,8.0,6.0,6.96,2.0,0.0,2.0,Regular Starter,,Balanced,13,,Very High,,,Low,16,2,12,15,16,14,13,2,3,17,14,7,10,14,13,3,16,13,14,5,3,13,11,3,12,12,8,6,15,16,2,14,12,10,7,3,3,2,15,14,4,12,16,2,12,14,135.0,4.73,0.21,6.0,0.21,0.56,16.0,15.0,0.53,16.0,21.0,70.0,2.45,15.0,0.53,231.5,8.1,56.0,1.96,0.15,,,,0.0,1.0,3.29,41.0,1.44,30.0,12.05,34.0,1.19,0.04,42.0,1.47,2.0,0.07,1.0,23.0,21.0,70.0,2.45,15.0,0.53,42.0,1.47,85.0,1083.0,37.94,916.0,32.09,11.56,5.08,319.0,11.18,76.0,2.66,85.0,2.98,,,,,50.0,4.0,0.14,0.53,23.0,0.81,46.0,1.75,74.0,77.0,57.0,2.0,321.12,,5.76,0.2,0.31,0.27,41.0,42.0,64.0,7.0,7.0,,25.0,,,0.28,,,,,,6.3,2569.0,65.87,,240.0,7.69,0.27,0.0,,,,0.0,,2.1,,55.0,,0.84,1.93,,7.69,263.0,202.0,75.0,62.0
2026-2027,Iseppe,ATP,"AM (C), ST (C)",,21,,Full Contract,BRA,25000000.0,28000000.0,2028000.0,6/4/2026,6/30/2030,5500000.0,,,20.0,0.0,20.0,9.0,4.0,7.12,0.0,0.0,2.0,Out On Loan,,Fairly Determined,16,,Normal,,,Below Average,15,1,8,16,14,15,8,2,3,15,11,12,12,13,14,4,14,14,13,12,1,11,5,2,11,13,7,8,13,15,1,13,14,13,10,1,2,2,15,12,7,12,14,3,15,10,79.0,4.46,0.23,3.0,0.17,0.45,8.0,8.0,0.45,15.0,9.0,64.0,3.61,13.0,0.73,145.2,8.2,39.0,2.2,0.12,,,,5.0,2.0,3.56,16.0,0.9,20.0,13.16,35.0,1.98,0.0,36.0,2.03,0.0,0.0,0.0,3.0,20.0,11.0,0.62,1.0,0.06,31.0,1.75,79.0,590.0,33.31,466.0,26.31,14.79,12.14,165.0,9.32,52.0,2.94,48.0,2.71,,,,,60.0,0.0,0.0,0.96,25.0,1.41,42.0,3.39,78.0,45.0,35.0,1.98,177.11,,4.47,0.25,1.63,0.42,18.0,11.0,55.0,7.0,2.0,,11.0,,,0.51,,,,,,,1594.0,79.7,,126.0,7.37,0.42,1.0,,,,1.0,100.0,2.0,,38.0,,0.85,2.15,,7.37,91.0,89.0,36.0,36.0
2026-2027,José Melro,Moreirense,"AM (R), ST (C)",,23,Inj,Full Contract,POR,1100000.0,1100000.0,273000.0,3/24/2024,6/30/2028,300000.0,,,30.0,17.0,13.0,6.0,1.0,6.78,0.0,0.0,1.0,Out On Loan,Trained in nation (15-21),Fairly Professional,14,A twisted ankle,,,,Above Average,14,3,11,13,15,13,12,3,1,15,12,10,11,13,12,2,15,13,14,7,3,9,11,2,7,13,4,6,12,14,1,13,9,12,7,3,1,3,12,12,6,12,13,2,12,12,191.0,12.27,0.06,2.0,0.13,0.19,3.0,10.0,0.64,16.0,15.0,19.0,1.22,3.0,0.19,126.3,8.1,28.0,1.8,0.17,,,,0.0,2.0,8.42,60.0,3.85,31.0,7.13,28.0,1.8,0.19,10.0,0.64,0.0,0.0,0.0,22.0,16.0,13.0,0.84,2.0,0.13,8.0,0.51,82.0,392.0,25.18,321.0,20.62,10.15,5.46,126.0,8.09,26.0,1.67,14.0,0.9,,,,,38.0,1.0,0.06,0.9,20.0,1.28,53.0,2.44,71.0,24.0,17.0,1.09,233.5,,0.94,0.06,-0.32,0.41,18.0,33.0,37.0,10.0,9.0,,11.0,,,0.39,,,,,,,1401.0,46.7,,502.0,6.32,0.41,0.0,,,,0.0,,1.43,,22.0,,1.16,1.41,,6.32,127.0,124.0,45.0,45.0
2026-2027,Minervino de Paiva,Benfica,AM (RLC),,17,Yth,Full Contract,POR,120000.0,1200000.0,3600.0,3/21/2026,6/30/2030,0.0,,,,,,,,,,,,Youngster,Trained at club (15-21),Fickle,14,,Low,,,Low,14,3,10,13,9,13,7,2,3,7,5,8,8,7,12,1,5,10,14,9,1,7,5,2,13,7,1,4,17,10,1,11,9,4,2,2,3,3,13,7,4,15,13,3,8,14,,,,,,,,,,,,,,,,,,,,,,,,,,,,,,,,,,,,,,,,,,,,,,,,,,,,,,,,,,,,,,,,,,,,,,,,,,,,,,,,,,,,,,,47.0,,,,,,,,,,,,,,,,,,,,,,,,,,,,,,,1.0,,,
2026-2027,Daniel Barbosa,Benfica,AM (LC),,17,Loa,Full Contract,POR,15000000.0,23000000.0,1417000.0,12/10/2026,6/30/2029,0.0,,,22.0,2.0,20.0,4.0,2.0,7.06,1.0,0.0,1.0,Future Prospect,Trained at club (15-21),Fairly Ambitious,14,,Low,,,Average,11,2,9,10,13,8,10,2,1,10,8,9,9,10,12,1,11,15,18,12,3,11,5,2,6,10,6,6,12,14,2,10,15,7,8,3,1,2,12,5,6,10,15,4,9,13,116.0,6.0,0.1,4.0,0.21,0.21,4.0,12.0,0.62,7.0,20.0,33.0,1.71,5.0,0.26,136.6,7.1,37.0,1.91,0.1,,,,1.0,1.0,4.81,23.0,1.19,20.0,9.62,27.0,1.4,0.05,39.0,2.02,0.0,0.0,0.0,5.0,15.0,20.0,1.03,4.0,0.21,23.0,1.19,84.0,643.0,33.24,540.0,27.91,20.16,9.1,193.0,9.98,46.0,2.38,33.0,1.71,,,,,54.0,0.0,0.0,0.83,20.0,1.03,37.0,2.79,88.0,40.0,35.0,1.81,435.25,,2.0,0.1,-1.39,0.28,20.0,17.0,45.0,7.0,5.0,1.0,10.0,,,0.21,,,,,,,1741.0,79.14,,0.0,5.39,0.28,0.0,,,,0.0,,1.68,,28.0,,0.67,1.45,,5.39,59.0,36.0,8.0,4.0
2026-2027,Juvenal Correia,Benfica,AM (L),,20,,Full Contract,GNB,4000.0,16000.0,57500.0,6/5/2026,6/30/2028,0.0,,,,,,,,,,,,Youngster,Trained at club (15-21),Balanced,10,,High,,,Below Average,13,3,7,11,7,10,5,2,3,11,5,4,7,13,9,1,9,14,14,3,1,8,13,2,8,5,3,4,13,10,2,10,12,3,3,4,3,4,14,7,4,8,13,2,9,13,,,,,,,,,,,,,,,,,,,,,,,,,,,,,,,,,,,,,,,,,,,,,,,,,,,,,,,,,,,,,,,,,,,,,,,,,,,,,,,,,,,,,,,-115.0,,,,,,,,,,,,,,,,,,,,,,,,,,,,,,,,,,
2026-2027,Rodrigo Rêgo,MRT,AM (RL),,22,Wnt,Full Contract,POR,10000.0,50000.0,83500.0,5/9/2023,6/30/2027,0.0,,,40.0,0.0,40.0,9.0,7.0,7.05,1.0,0.0,3.0,Out On Loan,Trained in nation (15-21),Resolute,15,,,,,Below Average,15,1,10,13,12,11,11,3,1,13,10,10,12,12,14,2,11,12,15,6,2,8,8,1,7,13,7,6,14,13,3,14,11,6,8,1,3,3,11,9,6,9,13,3,13,10,154.0,4.55,0.21,15.0,0.44,0.44,15.0,31.0,0.92,15.0,17.0,144.0,4.26,27.0,0.8,259.7,7.7,100.0,2.96,0.12,,,,0.0,2.0,3.16,47.0,1.39,31.0,13.8,65.0,1.92,0.0,48.0,1.42,0.0,0.0,0.0,15.0,19.0,124.0,3.67,22.0,0.65,42.0,1.24,87.0,1029.0,30.41,899.0,26.57,16.29,5.56,465.0,13.74,117.0,3.46,68.0,2.01,,,,,59.0,0.0,0.0,0.44,24.0,0.71,41.0,1.74,82.0,87.0,71.0,2.1,338.33,,9.41,0.28,1.68,0.22,48.0,45.0,65.0,4.0,10.0,,26.0,,,0.27,,,,,,,3045.0,76.12,,135.0,7.32,0.22,0.0,,,,0.0,,2.05,,59.0,,0.92,1.74,,7.32,124.0,115.0,31.0,27.0
2026-2027,Aliu Fati,Benfica,AM (RC),,15,Yth,Full Contract,POR,3000.0,1600000.0,5750.0,4/25/2027,6/30/2031,0.0,,,,,,,,,,,,Youngster,,Balanced,5,,Low,,,Above Average,12,2,15,11,7,11,18,1,2,9,8,6,7,7,8,1,10,14,11,5,2,4,5,3,9,7,1,5,12,11,2,12,9,6,5,2,3,3,12,6,7,9,11,3,9,14,,,,,,,,,,,,,,,,,,,,,,,,,,,,,,,,,,,,,,,,,,,,,,,,,,,,,,,,,,,,,,,,,,,,,,,,,,,,,,,,,,,,,,,1.0,,,,,,,,,,,,,,,,,,,,,,,,,,,,,,,,,,
2026-2027,Wellington Luis,Benfica,AM (RC),,17,Loa,Full Contract,BRA,8000000.0,10000000.0,361000.0,11/14/2026,6/30/2029,0.0,,,26.0,3.0,23.0,5.0,3.0,7.08,2.0,0.0,3.0,Future Prospect,Trained at club (15-21),Balanced,11,,Low,,,Low,14,1,7,14,10,10,8,2,2,11,7,8,9,13,12,1,10,13,14,8,1,6,9,2,9,7,3,4,10,11,2,12,13,7,7,1,3,2,10,5,6,8,15,4,12,11,98.0,4.26,0.13,10.0,0.44,0.13,3.0,21.0,0.91,12.0,13.0,73.0,3.18,10.0,0.44,171.6,7.5,45.0,1.96,0.12,,,,0.0,2.0,3.83,10.0,0.44,10.0,11.88,38.0,1.65,0.0,23.0,1.0,0.0,0.0,0.0,4.0,14.0,73.0,3.18,10.0,0.44,23.0,1.0,81.0,796.0,34.64,644.0,28.03,18.58,5.83,242.0,10.53,55.0,2.39,43.0,1.87,,,,,43.0,0.0,0.0,0.57,17.0,0.74,40.0,1.87,85.0,52.0,44.0,1.91,413.6,,1.48,0.06,-0.19,0.23,31.0,30.0,42.0,8.0,7.0,10.0,11.0,,,0.22,,,,,,,2068.0,79.54,,0.0,5.19,0.23,0.0,,,,0.0,,1.58,,27.0,,0.87,1.18,,5.19,35.0,6.0,5.0,
2026-2027,Luka Topalović,Benfica,AM (C),S6,21,Loa,Full Contract,SVN,41000000.0,46000000.0,1001000.0,1/2/2025,6/30/2029,3000000.0,,,21.0,15.0,6.0,6.0,1.0,6.92,1.0,0.0,0.0,Impact Sub,,Balanced,13,,Increased,,,Average,14,3,11,14,17,13,12,1,2,14,13,14,13,14,14,1,14,13,14,11,3,10,11,3,11,16,5,7,12,14,2,14,14,15,10,1,3,2,14,13,8,12,15,1,17,12,41.0,3.75,0.09,2.0,0.18,0.18,2.0,1.0,0.09,25.0,11.0,17.0,1.56,2.0,0.18,94.9,8.7,12.0,1.1,0.14,,,,3.0,1.0,2.11,18.0,1.65,44.0,11.54,14.0,1.28,0.0,12.0,1.1,0.0,0.0,0.0,1.0,12.0,9.0,0.82,1.0,0.09,11.0,1.01,83.0,390.0,35.71,322.0,29.48,9.89,5.04,91.0,8.33,19.0,1.74,33.0,3.02,,,,,24.0,0.0,0.0,1.28,9.0,0.82,38.0,2.2,77.0,22.0,17.0,1.56,163.83,,1.08,0.1,2.66,0.31,17.0,5.0,67.0,3.0,4.0,,14.0,,,0.55,,,,,,6.7,983.0,46.81,,66.0,3.34,0.31,0.0,,,,0.0,,2.14,,21.0,,0.73,1.92,,3.34,131.0,124.0,19.0,17.0
2026-2027,Umaro Camará,Benfica,M/AM (L),,15,Yth,Full Contract,POR,28000.0,300000.0,5750.0,4/25/2027,6/30/2031,0.0,,,,,,,,,,,,Youngster,,Balanced,10,,Low,,,Average,13,2,11,11,8,5,7,2,1,6,6,7,11,7,10,2,6,6,8,8,2,3,9,2,10,3,2,2,15,11,1,12,9,3,5,3,1,1,10,3,4,11,8,2,7,9,,,,,,,,,,,,,,,,,,,,,,,,,,,,,,,,,,,,,,,,,,,,,,,,,,,,,,,,,,,,,,,,,,,,,,,,,,,,,,,,,,,,,,,1.0,,,,,,,,,,,,,,,,,,,,,,,,,,,,,,,,,,
2026-2027,Estêvão Estrelado,Benfica,"M (C), AM (L)",,18,Int,Full Contract,POR,24000000.0,29000000.0,98500.0,6/7/2025,6/30/2028,0.0,,,,,,,,,,,,Breakthrough Prospect,Trained at club (15-21),Driven,18,,Very High,,,Above Average,14,2,9,16,10,13,8,1,1,11,7,8,9,9,14,1,8,14,16,8,3,7,11,2,11,12,5,2,14,10,2,14,12,8,6,3,2,2,16,10,7,16,13,3,8,16,,,,,,,,,,,,,,,,,,,,,,,,,,,,,,,,,,,,,,,,,,,,,,,,,,,,,,,,,,,,,,,,,,,,,,,,,,,,,,,,,,,,,,,4.0,,,,,,,,,,,,,,,,,,,,,,,,,,,,,,,79.0,10.0,13.0,3.0
2026-2027,Stiven Rodrigues,Benfica,"M (R), AM (RL)",,18,Loa,Full Contract,CPV,750000.0,2300000.0,167000.0,11/2/2025,6/30/2028,0.0,,,22.0,1.0,21.0,0.0,5.0,7.1,4.0,0.0,1.0,Breakthrough Prospect,Trained at club (15-21),Temperamental,11,,Low,,,Average,10,2,9,12,8,12,9,2,3,12,7,11,11,13,10,2,10,12,12,11,1,11,9,3,14,8,9,7,17,11,3,11,9,8,8,1,2,2,11,9,8,10,13,4,14,14,124.0,5.76,0.23,10.0,0.46,0.23,5.0,25.0,1.16,,21.0,194.0,9.01,34.0,1.58,161.3,7.5,31.0,1.44,0.11,,,,1.0,1.0,2.93,61.0,2.83,49.0,13.37,29.0,1.35,0.23,42.0,1.95,1.0,0.05,0.0,4.0,18.0,83.0,3.85,18.0,0.84,31.0,1.44,87.0,869.0,40.36,754.0,35.02,20.11,8.5,194.0,9.01,49.0,2.28,95.0,4.41,,,,,31.0,5.0,0.23,0.56,6.0,0.28,19.0,1.44,76.0,54.0,41.0,1.9,,,3.2,0.15,-3.38,0.16,27.0,31.0,36.0,7.0,7.0,7.0,8.0,,,,,,,,,,1938.0,88.09,,,3.38,0.16,0.0,,,,0.0,,1.41,,26.0,,0.84,1.21,,3.38,60.0,5.0,,
2026-2027,Gonçalo Moreira,SLB B,"M (C), AM (RLC)",,21,Loa,Full Contract,POR,7800000.0,8800000.0,305000.0,7/5/2024,6/30/2029,500000.0,,,31.0,0.0,31.0,7.0,11.0,6.93,1.0,0.0,1.0,Breakthrough Prospect,Trained at club (15-21),Professional,16,,Low,,,,15,3,12,16,13,12,13,2,2,14,13,9,13,14,15,3,13,14,14,7,2,7,6,2,10,11,4,7,13,15,2,14,14,9,9,2,3,1,12,12,6,13,15,2,16,14,128.0,4.13,0.35,10.0,0.32,0.65,20.0,17.0,0.55,19.0,25.0,155.0,5.0,27.0,0.87,266.6,8.6,72.0,2.32,0.18,,,,0.0,0.0,3.42,22.0,0.71,17.0,18.65,64.0,2.06,0.03,45.0,1.45,1.0,0.03,0.0,19.0,17.0,72.0,2.32,18.0,0.58,34.0,1.1,82.0,1267.0,40.87,1045.0,33.71,13.81,7.19,493.0,15.9,128.0,4.13,146.0,4.71,,,,,36.0,3.0,0.1,0.35,16.0,0.52,44.0,1.16,79.0,103.0,81.0,2.61,398.57,,6.9,0.22,0.55,0.21,48.0,35.0,32.0,8.0,13.0,,10.0,,,0.23,,,,,,,2790.0,90.0,,295.0,6.45,0.21,0.0,,,,0.0,,1.23,,51.0,,1.74,1.65,,6.45,132.0,130.0,24.0,24.0
2026-2027,Gianluca Prestianni,BVT,"M (RC), AM (RLC)",,21,,Full Contract,ARG,6600000.0,7400000.0,1086000.0,1/31/2024,6/30/2029,11250000.0,,,26.0,2.0,24.0,2.0,2.0,6.83,2.0,0.0,1.0,Out On Loan,Trained in nation (15-21),Balanced,14,,High,,,Below Average,13,2,12,15,14,13,13,3,4,13,12,11,11,14,15,2,10,13,15,11,2,5,5,2,6,12,5,5,13,13,3,13,13,11,10,1,1,2,13,10,7,12,13,2,14,12,91.0,3.88,0.09,6.0,0.26,0.64,15.0,20.0,0.85,14.0,27.0,123.0,5.24,26.0,1.11,189.3,8.1,83.0,3.54,0.2,,,,0.0,0.0,3.45,10.0,0.43,11.0,13.89,44.0,1.88,0.0,48.0,2.05,0.0,0.0,0.0,8.0,21.0,59.0,2.51,16.0,0.68,34.0,1.45,84.0,1011.0,43.08,852.0,36.31,15.43,6.86,369.0,15.72,91.0,3.88,77.0,3.28,,,,,14.0,3.0,0.13,0.13,9.0,0.38,64.0,0.6,82.0,66.0,54.0,2.3,1056.0,,4.54,0.19,-0.81,0.12,45.0,26.0,27.0,4.0,15.0,,7.0,,,0.09,,,,,,,2112.0,81.23,,803.0,2.81,0.12,0.0,,,,0.0,,0.96,,23.0,,1.36,0.98,,2.81,127.0,126.0,10.0,10.0
2026-2027,Gabriël Misehouy,Burnley,"M (C), AM (RLC), ST (C)",,21,,Full Contract,NED,23000000.0,26000000.0,806000.0,7/1/2024,6/30/2028,0.0,,,35.0,4.0,31.0,6.0,7.0,6.95,1.0,0.0,3.0,Out On Loan,,Balanced,14,,,1.0,1.0,Above Average,14,1,11,16,11,14,8,2,3,12,12,12,9,14,14,2,13,14,13,10,3,8,8,3,14,12,6,8,13,12,3,14,14,11,10,4,2,2,12,13,7,12,14,2,16,13,100.0,3.72,0.26,4.0,0.15,0.37,10.0,16.0,0.6,15.0,16.0,87.0,3.24,18.0,0.67,225.6,8.4,33.0,1.23,0.15,,,,2.0,1.0,2.86,23.0,0.86,23.0,12.54,37.0,1.38,0.0,43.0,1.6,0.0,0.0,0.0,11.0,21.0,30.0,1.12,5.0,0.19,40.0,1.49,83.0,911.0,33.89,757.0,28.16,15.55,8.56,286.0,10.64,66.0,2.46,62.0,2.31,,,,,41.0,0.0,0.0,0.41,15.0,0.56,37.0,1.53,86.0,50.0,43.0,1.6,403.17,,6.36,0.24,0.05,0.22,32.0,28.0,26.0,7.0,19.0,,9.0,,,0.22,0.0,,,,,,2419.0,69.11,,81.0,5.95,0.22,0.0,,,,0.0,,0.97,,29.0,,1.41,1.08,,5.95,131.0,129.0,22.0,21.0
2026-2027,Andreas Schjelderup,Benfica,"M/AM (L), ST (C)",,22,Wtg,Full Contract,NOR,67000000.0,75000000.0,4732000.0,7/15/2026,6/30/2031,12250000.0,,,43.0,11.0,32.0,9.0,12.0,7.07,1.0,0.0,5.0,Important Player,,Fairly Professional,14,,High,9.0,2.0,Very High,15,3,9,16,16,11,10,1,3,16,14,14,13,14,16,2,15,17,15,14,2,8,7,2,10,15,3,6,14,16,1,15,15,16,8,2,1,1,11,11,4,13,16,3,18,13,134.0,4.7,0.42,11.0,0.39,0.91,26.0,8.0,0.28,14.0,20.0,122.0,4.28,25.0,0.88,241.5,8.5,91.0,3.19,0.15,,,,12.0,2.0,3.65,30.0,1.05,22.0,16.65,42.0,1.47,0.0,72.0,2.52,1.0,0.04,0.0,22.0,20.0,101.0,3.54,21.0,0.74,60.0,2.1,83.0,1349.0,47.3,1120.0,39.27,15.99,6.45,359.0,12.59,106.0,3.72,110.0,3.86,,,,,65.0,4.0,0.14,1.09,25.0,0.88,38.0,2.28,78.0,74.0,58.0,2.03,285.22,,8.84,0.31,-0.76,0.34,68.0,33.0,58.0,9.0,9.0,,25.0,,,0.32,3.0,6.93,,,,7.1,2567.0,59.7,,202.0,9.76,0.34,0.0,,,,0.0,,1.95,,65.0,,1.02,2.28,,9.76,222.0,158.0,60.0,48.0
2026-2027,Hugo Félix,Osnabrück,"M (C), AM (RLC)",,23,Lst,Full Contract,POR,2000000.0,2000000.0,231000.0,7/1/2023,6/30/2027,625000.0,,,10.0,1.0,9.0,0.0,0.0,6.86,0.0,0.0,0.0,Out On Loan,Trained at club (15-21),Fairly Sporting,14,,,,,Below Average,12,3,7,12,10,14,8,1,1,13,11,14,15,14,14,2,11,14,17,16,2,6,6,2,8,13,5,7,14,13,2,12,14,15,9,3,1,1,12,8,6,9,16,2,15,10,41.0,5.09,,2.0,0.25,0.12,1.0,4.0,0.5,,,24.0,2.98,2.0,0.25,65.0,8.1,24.0,2.98,0.1,,,,1.0,0.0,3.48,13.0,1.61,32.0,11.05,13.0,1.61,0.12,19.0,2.36,0.0,0.0,0.0,2.0,8.0,11.0,1.37,0.0,0.0,10.0,1.24,85.0,248.0,30.79,210.0,26.07,22.84,5.96,82.0,10.18,14.0,1.74,15.0,1.86,,,,,8.0,0.0,0.0,0.25,2.0,0.25,25.0,0.99,83.0,12.0,10.0,1.24,,,0.32,0.04,-0.79,0.1,8.0,5.0,0.0,3.0,7.0,,0.0,,,,,,,,,,725.0,72.5,,,0.79,0.1,0.0,,,,0.0,,0.3,,4.0,,2.11,0.5,,0.79,86.0,86.0,3.0,3.0
2026-2027,Gerson Sousa,SLB B,"M (R), AM (RL)",,25,Ctr,Month To Month,CPV,0.0,0.0,97500.0,2/19/2021,,0.0,,,33.0,2.0,31.0,12.0,11.0,6.93,4.0,0.0,1.0,Youngster,Trained at club (15-21),Balanced,10,,Low,,,,14,1,13,15,12,11,9,1,2,9,7,8,10,11,12,1,8,11,17,6,2,7,6,2,7,7,3,3,14,12,3,13,10,6,5,2,3,1,12,8,3,8,12,3,10,10,121.0,3.97,0.36,13.0,0.43,0.43,13.0,26.0,0.85,18.0,14.0,102.0,3.35,14.0,0.46,254.3,8.3,96.0,3.15,0.17,,,,0.0,1.0,3.48,15.0,0.49,12.0,18.77,57.0,1.87,0.03,36.0,1.18,0.0,0.0,0.0,26.0,14.0,75.0,2.46,11.0,0.36,31.0,1.02,82.0,1187.0,38.95,979.0,32.12,14.99,6.1,419.0,13.75,117.0,3.84,83.0,2.72,,,,,66.0,5.0,0.16,0.95,29.0,0.95,44.0,2.17,82.0,87.0,71.0,2.33,228.58,,4.66,0.15,0.71,0.37,57.0,45.0,33.0,8.0,14.0,,11.0,,,0.39,,,,,,,2743.0,83.12,,71.0,11.29,0.37,0.0,,,,0.0,,1.24,,52.0,,1.61,1.71,,11.29,133.0,133.0,26.0,26.0
2026-2027,Mason Greenwood,Benfica,"M (R), AM (RLC), ST (C)",,25,Wtg,Full Contract,ENG,70000000.0,70000000.0,4888000.0,7/2/2025,6/30/2030,0.0,,,45.0,2.0,43.0,18.0,17.0,7.34,3.0,0.0,7.0,Squad Player,,Jovial,14,,Very High,,,Low,15,2,13,16,13,13,10,1,1,15,11,4,13,11,17,1,16,15,16,13,2,7,10,3,4,13,2,1,15,13,2,16,13,9,5,3,2,4,12,9,2,11,14,3,13,12,186.0,4.83,0.44,13.0,0.34,0.86,33.0,10.0,0.26,15.0,29.0,201.0,5.22,54.0,1.4,314.4,8.2,128.0,3.33,0.14,,,,4.0,4.0,3.33,58.0,1.51,31.0,15.02,76.0,1.98,0.0,96.0,2.49,0.0,0.0,0.0,19.0,27.0,117.0,3.04,34.0,0.88,71.0,1.85,82.0,1518.0,39.45,1246.0,32.38,14.63,6.24,481.0,12.5,141.0,3.66,137.0,3.56,,,,,123.0,1.0,0.03,1.51,60.0,1.56,49.0,3.2,86.0,95.0,82.0,2.13,192.39,,10.79,0.28,1.06,0.44,96.0,39.0,62.0,9.0,8.0,,28.0,,,0.47,,,,,,6.5,3463.0,76.96,,232.0,16.94,0.44,0.0,,,,0.0,,2.07,,93.0,,0.94,2.42,,16.94,245.0,209.0,69.0,57.0
2026-2027,Martin Baturina,Benfica,"M (C), AM (RLC)",,24,Wnt,Full Contract,CRO,34000000.0,41000000.0,3536000.0,7/13/2026,6/30/2031,27500000.0,,,35.0,17.0,18.0,8.0,1.0,6.95,3.0,0.0,0.0,Important Player,,Ambitious,16,,High,9.0,2.0,Below Average,15,1,11,16,15,16,10,3,1,15,11,14,14,14,17,1,12,16,15,14,2,8,7,2,12,14,6,11,14,14,4,12,16,11,12,3,1,2,14,12,12,12,15,3,15,13,68.0,3.61,0.05,3.0,0.16,0.8,15.0,8.0,0.42,15.0,10.0,86.0,4.56,12.0,0.64,162.4,8.6,48.0,2.55,0.12,,,,11.0,0.0,2.6,19.0,1.01,28.0,16.56,26.0,1.38,0.0,40.0,2.12,0.0,0.0,1.0,9.0,14.0,37.0,1.96,4.0,0.21,24.0,1.27,85.0,822.0,43.62,696.0,36.93,11.99,5.47,208.0,11.04,51.0,2.71,81.0,4.3,,,,,52.0,2.0,0.11,1.59,24.0,1.27,46.0,2.76,81.0,43.0,35.0,1.86,212.0,,4.6,0.24,1.52,0.34,29.0,16.0,57.0,8.0,7.0,,20.0,,,0.42,0.0,6.7,,,,6.7,1696.0,48.46,,152.0,6.48,0.34,0.0,,,,0.0,,1.94,,45.0,,1.38,2.39,,6.48,183.0,170.0,30.0,28.0
2026-2027,Bartłomiej Wolny,Benfica,M/AM (RC),,18,,Full Contract,USA,24000000.0,29000000.0,1768000.0,1/2/2027,6/30/2029,3300000.0,,,4.0,3.0,1.0,0.0,1.0,7.03,0.0,0.0,1.0,Impact Sub,,Fairly Determined,15,,Increased,,,Above Average,10,2,11,16,12,16,5,3,2,13,8,10,9,13,12,3,12,16,14,6,3,7,4,3,5,9,6,4,14,13,3,12,12,8,7,3,1,3,13,8,5,7,15,1,12,11,6.0,3.07,0.51,0.0,,1.53,3.0,0.0,0.0,,20.0,5.0,2.56,1.0,0.51,15.3,7.8,5.0,2.56,0.1,,,,0.0,0.0,2.56,1.0,0.51,17.0,8.69,2.0,1.02,0.0,4.0,2.05,0.0,0.0,0.0,0.0,20.0,5.0,2.56,1.0,0.51,4.0,2.05,87.0,62.0,31.7,54.0,27.61,10.74,5.62,24.0,12.27,6.0,3.07,4.0,2.05,,,,,2.0,0.0,0.0,0.51,1.0,0.51,50.0,1.02,86.0,7.0,6.0,3.07,,,0.76,0.39,-0.19,0.1,5.0,0.0,75.0,0.0,1.0,1.0,3.0,,,,,,,,,,176.0,44.0,,,0.19,0.1,0.0,,,,0.0,,1.8,,3.0,,0.51,1.53,,0.19,12.0,12.0,3.0,3.0
2026-2027,Luc Bayiha,Benfica,"M (R), AM (RC)",,18,Yth,Full Contract,CMR,6000.0,12000.0,3600.0,5/2/2024,6/30/2028,0.0,,,,,,,,,,,,Youngster,Trained at club (15-21),Unambitious,4,,Low,,,Very High,15,2,16,17,6,9,4,3,3,7,1,2,9,4,10,2,3,10,11,2,3,3,4,3,7,4,4,4,12,8,1,14,6,3,1,4,3,1,11,7,1,7,11,1,6,12,,,,,,,,,,,,,,,,,,,,,,,,,,,,,,,,,,,,,,,,,,,,,,,,,,,,,,,,,,,,,,,,,,,,,,,,,,,,,,,,,,,,,,,84.0,,,,,,,,,,,,,,,,,,,,,,,,,,,,,,,3.0,,1.0,
2026-2027,Tiago Freitas,SLB B,"M (C), AM (RC)",,20,Wnt,Full Contract,POR,5800000.0,7600000.0,179000.0,1/3/2025,6/30/2029,0.0,,,31.0,0.0,31.0,10.0,6.0,6.97,2.0,0.0,2.0,Breakthrough Prospect,Trained at club (15-21),Fairly Professional,14,,Low,,,,15,2,11,13,12,14,9,3,3,13,12,10,10,14,14,4,11,13,16,10,3,8,12,1,9,10,4,11,16,12,1,14,15,10,10,3,3,2,12,12,8,11,14,1,15,12,172.0,5.55,0.19,10.0,0.32,0.35,11.0,14.0,0.45,20.0,27.0,78.0,2.52,19.0,0.61,263.8,8.5,53.0,1.71,0.15,,,,0.0,4.0,3.23,72.0,2.32,42.0,13.87,50.0,1.61,0.71,46.0,1.48,3.0,0.1,1.0,6.0,24.0,36.0,1.16,10.0,0.32,28.0,0.9,84.0,1541.0,49.71,1296.0,41.81,12.26,6.71,405.0,13.06,117.0,3.77,158.0,5.1,,,,,51.0,7.0,0.23,0.65,25.0,0.81,49.0,1.65,84.0,82.0,69.0,2.23,279.0,,4.18,0.13,2.21,0.25,42.0,35.0,32.0,7.0,14.0,,10.0,,,0.32,,,,,,7.1,2790.0,90.0,,9.0,7.0,0.23,1.0,,,,1.0,100.0,1.19,,51.0,,1.77,1.65,,7.79,113.0,106.0,20.0,20.0
2026-2027,André Gomes,Hull,M/AM (C),,21,,Full Contract,POR,17500000.0,19500000.0,520000.0,6/4/2026,6/30/2031,0.0,,,44.0,3.0,41.0,1.0,3.0,6.88,2.0,0.0,0.0,Out On Loan,Trained at club (15-21),Fairly Professional,14,,,,,Below Average,14,2,8,15,12,15,8,2,2,14,12,11,10,14,12,2,10,15,14,12,2,8,8,3,10,10,4,11,13,14,2,14,15,10,13,1,2,4,14,13,9,12,15,3,16,12,107.0,3.18,0.09,18.0,0.54,0.36,12.0,34.0,1.01,2.0,,62.0,1.84,5.0,0.15,258.9,7.7,43.0,1.28,0.11,,,,0.0,1.0,1.9,43.0,1.28,40.0,10.14,69.0,2.05,0.0,61.0,1.81,3.0,0.09,0.0,1.0,8.0,19.0,0.56,0.0,0.0,40.0,1.19,90.0,1464.0,43.51,1317.0,39.14,14.62,10.08,336.0,9.99,91.0,2.7,113.0,3.36,,,,,48.0,1.0,0.03,0.45,14.0,0.42,29.0,1.43,71.0,70.0,50.0,1.49,3028.0,,5.99,0.18,-4.23,0.16,34.0,19.0,32.0,11.0,19.0,,14.0,,,0.03,,,,,,,3028.0,68.82,,1750.0,5.23,0.16,0.0,,,,0.0,,1.2,,31.0,,1.13,0.92,,5.23,84.0,81.0,2.0,2.0
2026-2027,João Veloso,SLB B,M/AM (C),,21,Loa,Full Contract,POR,10500000.0,13500000.0,209000.0,7/10/2023,6/30/2028,0.0,,,32.0,0.0,32.0,13.0,3.0,7.12,3.0,0.0,3.0,Breakthrough Prospect,Trained at club (15-21),Spirited,15,,Low,,,,14,3,10,14,15,14,10,3,3,15,11,9,11,14,13,3,10,14,16,10,3,7,11,3,10,13,3,9,15,14,2,14,14,10,11,3,4,4,13,12,8,12,14,2,17,11,145.0,4.63,0.1,10.0,0.32,0.45,14.0,14.0,0.45,24.0,18.0,28.0,0.89,5.0,0.16,262.8,8.4,48.0,1.53,0.11,,,,22.0,3.0,2.75,59.0,1.88,41.0,13.19,44.0,1.41,0.42,46.0,1.47,3.0,0.1,0.0,1.0,18.0,22.0,0.7,4.0,0.13,39.0,1.25,84.0,1872.0,59.81,1576.0,50.35,12.14,7.83,384.0,12.27,88.0,2.81,176.0,5.62,,,,,55.0,6.0,0.19,1.15,31.0,0.99,56.0,1.76,75.0,69.0,52.0,1.66,216.69,,4.39,0.14,6.74,0.2,39.0,15.0,31.0,8.0,14.0,,10.0,,,0.42,,,,,,,2817.0,88.03,,187.0,5.47,0.17,1.0,,,,1.0,100.0,1.19,,52.0,,1.76,1.66,,6.26,108.0,107.0,28.0,28.0
2026-2027,António Ribeiro,Benfica,M/AM (R),,16,Yth,Full Contract,POR,275000.0,700000.0,3600.0,3/21/2026,6/30/2030,0.0,,,,,,,,,,,,Youngster,Trained at club (15-21),Fickle,12,,Low,,,Average,13,3,10,13,7,8,8,1,1,7,8,5,9,6,8,4,4,11,7,5,1,4,8,2,5,4,1,3,11,6,1,15,7,4,3,4,2,3,12,6,6,14,11,2,5,13,,,,,,,,,,,,,,,,,,,,,,,,,,,,,,,,,,,,,,,,,,,,,,,,,,,,,,,,,,,,,,,,,,,,,,,,,,,,,,,,,,,,,,,36.0,,,,,,,,,,,,,,,,,,,,,,,,,,,,,,,,,,
2026-2027,Faustino Marques Afonso,Benfica,M (C),,17,,Full Contract,POR,200000.0,1500000.0,133000.0,12/1/2026,6/30/2029,0.0,,,,,,,,,,,,Future Prospect,Trained at club (15-21),Unambitious,6,,Increased,,,Average,10,3,10,9,10,10,9,2,3,13,7,6,7,14,10,3,6,12,6,9,2,5,5,3,9,6,2,6,16,10,4,11,14,3,7,2,2,3,10,8,5,12,13,2,13,13,,,,,,,,,,,,,,,,,,,,,,,,,,,,,,,,,,,,,,,,,,,,,,,,,,,,,,,,,,,,,,,,,,,,,,,,,,,,,,,,,,,,,,,10.0,,,,,,,,,,,,,,,,,,,,,,,,,,,,,,,1.0,1.0,,
2026-2027,Martim Neto,Rio Ave,M (C),,24,,Full Contract,POR,1200000.0,1700000.0,306000.0,7/4/2023,6/30/2028,375000.0,,,31.0,11.0,20.0,4.0,1.0,6.89,2.0,0.0,0.0,Out On Loan,Trained at club (15-21),Resolute,15,,,,,Average,13,2,11,12,12,15,12,3,1,13,12,11,10,12,12,3,10,13,13,7,3,10,13,1,9,11,4,10,13,12,1,14,13,10,8,1,1,3,13,14,10,13,12,3,14,13,83.0,4.4,0.05,2.0,0.11,0.42,8.0,9.0,0.48,16.0,37.0,8.0,0.42,3.0,0.16,155.5,8.2,24.0,1.27,0.11,,,,0.0,2.0,1.91,47.0,2.49,57.0,8.53,44.0,2.33,0.26,22.0,1.17,1.0,0.05,1.0,0.0,38.0,8.0,0.42,3.0,0.16,22.0,1.17,89.0,1160.0,61.45,1027.0,54.4,9.8,8.53,245.0,12.98,59.0,3.13,93.0,4.93,,,,,25.0,0.0,0.0,0.53,10.0,0.53,40.0,1.32,67.0,57.0,38.0,2.01,424.75,,1.98,0.1,1.2,0.15,18.0,13.0,35.0,4.0,16.0,,11.0,,,0.21,,,,,,,1699.0,54.81,,129.0,2.8,0.15,0.0,,,,0.0,,1.19,,25.0,,1.54,1.32,,2.8,154.0,152.0,23.0,23.0
2026-2027,Sandro Sousa,Benfica,"DM, M (C)",,16,Yth,Full Contract,POR,190000.0,1900000.0,3600.0,3/21/2026,6/30/2030,0.0,,,,,,,,,,,,Youngster,,Balanced,13,,Low,,,Above Average,8,1,7,7,13,11,15,1,2,11,10,5,7,12,9,3,7,15,8,8,2,4,6,3,13,6,5,8,14,5,3,8,15,7,6,1,1,3,11,7,6,14,15,3,12,10,,,,,,,,,,,,,,,,,,,,,,,,,,,,,,,,,,,,,,,,,,,,,,,,,,,,,,,,,,,,,,,,,,,,,,,,,,,,,,,,,,,,,,,16.0,,,,,,,,,,,,,,,,,,,,,,,,,,,,,,,28.0,7.0,1.0,
2026-2027,Miguel Patrício,Benfica,"DM, M (C)",,20,,Full Contract,POR,150000.0,275000.0,58500.0,6/4/2026,6/30/2028,0.0,,,,,,,,,,,,Youngster,Trained at club (15-21),Balanced,7,,Low,,,Very High,15,2,5,12,11,12,3,4,1,8,5,5,7,14,8,1,7,14,8,5,1,6,6,2,7,12,1,11,16,6,3,14,14,1,8,1,2,4,14,12,10,8,15,2,14,13,,,,,,,,,,,,,,,,,,,,,,,,,,,,,,,,,,,,,,,,,,,,,,,,,,,,,,,,,,,,,,,,,,,,,,,,,,,,,,,,,,,,,,,1.0,,,,,,,,,,,,,,,,,,,,,,,,,,,,,,,83.0,32.0,4.0,
2026-2027,Benjamim Fonseca,Benfica,"DM, M/AM (C)",,20,,Full Contract,POR,16000.0,160000.0,77500.0,6/4/2026,6/30/2028,0.0,,,,,,,,,,,,Youngster,Trained at club (15-21),Balanced,12,,Low,,,Average,15,1,7,14,10,9,7,2,1,8,4,6,6,13,9,1,11,12,12,5,1,6,10,2,9,9,1,5,12,9,3,14,14,8,6,1,3,3,14,8,8,8,8,2,10,9,,,,,,,,,,,,,,,,,,,,,,,,,,,,,,,,,,,,,,,,,,,,,,,,,,,,,,,,,,,,,,,,,,,,,,,,,,,,,,,,,,,,,,,32.0,,,,,,,,,,,,,,,,,,,,,,,,,,,,,,,61.0,13.0,6.0,1.0
2026-2027,David Ozoh,Watford,"DM, M (C)",,22,,Full Contract,ENG,5200000.0,6600000.0,1659000.0,7/1/2025,6/30/2030,16000000.0,,,49.0,0.0,49.0,1.0,2.0,6.76,7.0,0.0,1.0,Out On Loan,,Resolute,15,,,,,Below Average,16,3,12,14,13,15,13,3,1,12,11,7,7,12,11,1,8,11,10,7,3,10,15,4,10,8,8,12,15,13,1,15,12,5,13,3,2,3,16,14,13,14,13,2,11,16,190.0,4.07,0.04,25.0,0.54,0.13,6.0,41.0,0.88,4.0,6.0,15.0,0.32,1.0,0.02,376.2,8.1,36.0,0.77,0.1,,,,0.0,0.0,1.84,104.0,2.23,55.0,11.85,92.0,1.97,0.21,37.0,0.79,9.0,0.19,0.0,2.0,7.0,15.0,0.32,1.0,0.02,37.0,0.79,89.0,2457.0,52.64,2177.0,46.64,6.81,11.4,470.0,10.07,131.0,2.81,193.0,4.13,,,,,26.0,7.0,0.15,0.11,4.0,0.09,15.0,0.56,70.0,129.0,90.0,1.93,4201.0,,3.27,0.07,-1.73,0.06,32.0,48.0,29.0,15.0,20.0,,14.0,,,0.02,,,,,,,4201.0,85.73,,3986.0,2.73,0.06,0.0,,,,0.0,,1.16,,45.0,,1.16,0.96,,2.73,146.0,142.0,4.0,4.0
2026-2027,João Neves,Benfica,"DM, M/AM (C)",,22,Prm,Full Contract,POR,67000000.0,82000000.0,4159000.0,9/10/2025,6/30/2030,0.0,,,45.0,5.0,40.0,7.0,3.0,7.02,8.0,1.0,2.0,Important Player,Trained at club (15-21),Resolute,17,,Very High,5.0,1.0,Average,13,2,17,15,14,15,16,1,3,14,17,14,13,14,14,3,12,14,15,11,2,13,12,2,13,13,12,12,17,14,3,14,14,11,13,4,3,1,17,13,12,14,14,1,15,17,101.0,3.11,0.09,9.0,0.28,0.28,9.0,22.0,0.68,18.0,22.0,23.0,0.71,6.0,0.18,272.2,8.4,35.0,1.08,0.11,,,,0.0,1.0,1.39,56.0,1.72,55.0,11.92,61.0,1.88,0.09,51.0,1.57,1.0,0.03,2.0,0.0,26.0,22.0,0.68,5.0,0.15,50.0,1.54,91.0,2184.0,67.25,1993.0,61.37,7.79,8.81,293.0,9.02,71.0,2.19,264.0,8.13,,,,,39.0,3.0,0.09,0.59,19.0,0.59,49.0,1.2,74.0,84.0,62.0,1.91,417.57,,5.44,0.17,2.63,0.13,18.0,46.0,60.0,9.0,9.0,,27.0,,,0.22,0.0,7.0,,,,7.5,2923.0,64.96,,40.0,4.37,0.13,0.0,,,,0.0,,2.0,,69.0,,1.11,2.12,,4.37,196.0,126.0,22.0,12.0
2026-2027,Rafael Luís,Benfica,"DM, M (C)",,22,Wnt,Full Contract,POR,17000000.0,21000000.0,923000.0,11/29/2024,6/30/2029,775000.0,,,24.0,18.0,6.0,1.0,4.0,7.0,0.0,0.0,1.0,Breakthrough Prospect,Trained at club (15-21),Model Citizen,16,,Increased,,,Below Average,14,1,10,14,14,15,11,1,2,15,13,10,9,14,13,1,8,15,14,7,2,9,14,4,10,12,6,12,16,11,3,15,15,10,12,1,2,3,14,14,12,12,16,1,15,11,37.0,3.47,0.38,2.0,0.19,1.31,14.0,4.0,0.38,8.0,33.0,28.0,2.62,7.0,0.66,89.8,8.4,10.0,0.94,0.07,,,,0.0,0.0,1.88,17.0,1.59,46.0,9.84,10.0,0.94,0.0,29.0,2.72,0.0,0.0,0.0,0.0,25.0,6.0,0.56,2.0,0.19,24.0,2.25,88.0,815.0,76.41,716.0,67.12,11.53,6.75,107.0,10.03,38.0,3.56,98.0,9.19,,,,,12.0,1.0,0.09,0.84,6.0,0.56,50.0,1.12,76.0,21.0,16.0,1.5,960.0,,4.68,0.44,0.22,0.07,7.0,1.0,71.0,5.0,2.0,,17.0,,,0.09,,,,,,7.1,960.0,40.0,,834.0,0.78,0.07,0.0,,,,0.0,,2.33,,22.0,,0.94,2.06,,0.78,130.0,89.0,12.0,12.0
2026-2027,Joris Chotard,Benfica,"DM, M (C)",,25,Inj,Full Contract,FRA,78000000.0,86000000.0,4888000.0,7/30/2026,6/30/2031,55000000.0,,,41.0,14.0,27.0,2.0,4.0,6.92,6.0,0.0,1.0,Regular Starter,,Fairly Professional,13,A twisted ankle,High,,,Average,15,3,13,16,15,16,14,3,2,14,15,9,8,16,13,1,7,14,12,9,2,11,11,1,11,8,5,13,15,13,2,15,16,6,14,2,2,1,14,15,14,16,15,1,15,16,114.0,4.31,0.15,7.0,0.26,0.23,6.0,7.0,0.26,6.0,19.0,21.0,0.79,4.0,0.15,220.4,8.3,33.0,1.25,0.11,,,,0.0,0.0,1.85,65.0,2.46,57.0,9.15,30.0,1.13,0.15,25.0,0.95,1.0,0.04,0.0,1.0,19.0,21.0,0.79,4.0,0.15,25.0,0.95,90.0,1932.0,73.06,1736.0,65.65,9.3,8.39,274.0,10.36,73.0,2.76,233.0,8.81,,,,,31.0,4.0,0.15,0.61,14.0,0.53,45.0,1.17,71.0,56.0,40.0,1.51,1190.0,,2.88,0.11,-1.39,0.13,21.0,30.0,68.0,7.0,6.0,,28.0,,,0.08,,,,,,,2380.0,58.05,,771.0,3.39,0.13,0.0,,,,0.0,,2.22,,53.0,,0.83,2.0,,3.39,245.0,228.0,7.0,6.0
2026-2027,Orkun Kökçü,Benfica,"DM, M/AM (C)",,26,Wnt,Full Contract,TUR,43000000.0,57000000.0,4992000.0,12/13/2024,6/30/2029,27000000.0,,,35.0,2.0,33.0,15.0,12.0,7.33,1.0,0.0,5.0,Impact Sub,,Fairly Determined,15,,Very High,6.0,1.0,Below Average,12,1,7,15,11,15,11,3,2,16,12,15,14,16,13,3,12,14,14,14,2,7,8,1,15,16,9,7,16,15,2,14,16,15,8,4,3,3,14,12,6,12,16,2,17,11,79.0,2.67,0.41,4.0,0.14,0.64,19.0,3.0,0.1,15.0,16.0,157.0,5.31,34.0,1.15,252.5,8.5,40.0,1.35,0.14,,,,21.0,3.0,1.86,24.0,0.81,30.0,12.1,39.0,1.32,0.03,75.0,2.53,0.0,0.0,1.0,8.0,22.0,24.0,0.81,4.0,0.14,37.0,1.25,85.0,1176.0,39.74,1005.0,33.97,10.17,4.83,290.0,9.8,60.0,2.03,80.0,2.7,,,,,99.0,3.0,0.1,2.26,45.0,1.52,45.0,3.35,79.0,42.0,33.0,1.12,177.53,,8.25,0.28,0.77,0.48,57.0,17.0,66.0,5.0,7.0,,23.0,,,0.51,0.0,7.08,,,,8.7,2663.0,76.09,,54.0,8.64,0.29,7.0,,,,6.0,86.0,2.11,,66.0,,0.91,2.23,,14.23,249.0,196.0,56.0,44.0
2026-2027,Sébastien Langlois,Benfica,"D (RLC), DM",,19,Loa,Full Contract,FRA,53000000.0,61000000.0,1144000.0,1/28/2027,6/30/2031,47000000.0,,,28.0,21.0,7.0,1.0,1.0,6.92,4.0,0.0,0.0,Squad Player,,Resolute,15,,Increased,,,Low,14,2,12,14,13,13,18,3,2,8,12,5,8,14,10,2,4,13,10,5,1,6,12,3,4,4,6,14,13,7,3,13,8,5,14,3,2,2,15,11,15,10,12,3,10,15,30.0,2.42,0.08,1.0,0.08,0.16,2.0,16.0,1.29,13.0,,5.0,0.4,0.0,0.0,103.1,8.3,17.0,1.37,0.1,,,,0.0,0.0,0.89,19.0,1.53,63.0,10.9,24.0,1.94,0.08,14.0,1.13,0.0,0.0,0.0,0.0,0.0,5.0,0.4,0.0,0.0,14.0,1.13,92.0,906.0,73.13,834.0,67.32,7.59,8.15,83.0,6.7,29.0,2.34,79.0,6.38,,,,,8.0,0.0,0.0,0.57,3.0,0.24,38.0,0.65,88.0,25.0,22.0,1.78,1115.0,,1.11,0.09,0.24,0.06,2.0,19.0,75.0,5.0,2.0,2.0,21.0,,,0.08,,,,,,,1115.0,39.82,,25.0,0.76,0.06,0.0,,,,0.0,,2.43,,29.0,,0.65,2.34,,0.76,47.0,37.0,1.0,1.0
2026-2027,Francisco Couto,Benfica,"D/WB (R), AM (RL)",,20,U19,Full Contract,POR,950000.0,1500000.0,69000.0,5/19/2026,6/30/2029,0.0,,,,,,,,,,,,Youngster,Trained at club (15-21),Resolute,15,,Low,,,Below Average,15,4,9,14,11,13,8,1,3,11,11,8,13,12,13,3,8,12,14,8,1,7,6,3,5,7,6,8,15,10,1,13,10,6,8,2,2,1,11,12,7,10,12,1,12,11,,,,,,,,,,,,,,,,,,,,,,,,,,,,,,,,,,,,,,,,,,,,,,,,,,,,,,,,,,,,,,,,,,,,,,,,,,,,,,,,,,,,,,,2.0,,,,,,,,,,,,,,,,,,,,,,,,,,,,,,,127.0,24.0,15.0,1.0
2026-2027,João Capucho,Leixões,D/WB (L),,20,,Full Contract,POR,1300000.0,2700000.0,81500.0,6/6/2025,6/30/2029,4000.0,,,29.0,0.0,29.0,1.0,2.0,6.81,2.0,0.0,2.0,Out On Loan,Trained at club (15-21),Resolute,15,,,,,Below Average,14,4,9,14,14,13,10,1,2,12,12,8,12,13,10,2,7,11,12,7,2,7,10,1,10,9,6,9,13,12,2,14,9,6,12,2,2,2,12,13,10,12,10,2,13,12,120.0,4.33,0.07,18.0,0.65,0.18,5.0,39.0,1.41,20.0,10.0,76.0,2.74,8.0,0.29,216.1,7.8,41.0,1.48,0.04,,,,0.0,0.0,1.59,76.0,2.74,63.0,14.79,67.0,2.42,0.22,24.0,0.87,1.0,0.04,0.0,1.0,11.0,75.0,2.71,8.0,0.29,24.0,0.87,88.0,1247.0,44.98,1092.0,39.39,14.57,14.83,265.0,9.56,82.0,2.96,152.0,5.48,,,,,5.0,18.0,0.65,0.11,2.0,0.07,40.0,0.18,82.0,98.0,80.0,2.89,2495.0,,1.24,0.04,0.81,0.01,38.0,24.0,31.0,8.0,12.0,,9.0,,,0.04,,,,,,,2495.0,86.03,,854.0,0.19,0.01,0.0,,,,0.0,,1.21,,35.0,,1.41,1.26,,0.19,82.0,82.0,1.0,1.0
2026-2027,Tiago Parente,Benfica,"D (RL), WB (L)",,20,Wnt,Full Contract,POR,20000000.0,27000000.0,2366000.0,2/8/2026,6/30/2030,0.0,,,37.0,15.0,22.0,2.0,8.0,7.08,3.0,0.0,2.0,Regular Starter,Trained at club (15-21),Fairly Professional,13,,High,,,Below Average,15,2,11,15,13,16,10,2,1,13,13,11,14,14,12,3,8,13,14,10,3,10,12,1,8,9,10,12,14,15,3,16,13,9,13,2,3,3,12,12,12,12,14,2,14,13,118.0,4.72,0.32,17.0,0.68,0.68,17.0,22.0,0.88,22.0,20.0,210.0,8.4,39.0,1.56,214.8,8.6,57.0,2.28,0.09,,,,0.0,1.0,0.88,96.0,3.84,81.0,18.53,62.0,2.48,0.28,65.0,2.6,0.0,0.0,1.0,6.0,19.0,100.0,4.0,20.0,0.8,35.0,1.4,88.0,1752.0,70.11,1550.0,62.03,13.85,14.81,247.0,9.88,83.0,3.32,263.0,10.52,,,,,9.0,4.0,0.16,0.24,5.0,0.2,56.0,0.36,82.0,93.0,76.0,3.04,1124.5,,6.93,0.28,1.19,0.03,23.0,20.0,62.0,9.0,5.0,,23.0,,,0.08,,,,,,7.2,2249.0,60.78,,566.0,0.81,0.03,0.0,,,,0.0,,2.11,,55.0,,0.88,2.2,,0.81,157.0,111.0,6.0,6.0
2026-2027,Beraldo,Benfica,"D (LC), DM",,23,Wnt,Full Contract,BRA,57000000.0,68000000.0,4108000.0,7/1/2025,6/30/2030,54000000.0,,,52.0,2.0,50.0,1.0,1.0,6.96,5.0,0.0,0.0,Important Player,,Balanced,13,,High,,,Below Average,15,3,10,14,16,15,12,3,3,13,14,5,10,14,11,3,9,14,11,7,1,14,13,2,14,8,6,14,14,12,3,14,13,7,16,2,2,1,14,15,14,12,13,2,14,13,292.0,5.94,0.02,18.0,0.37,0.06,3.0,43.0,0.87,6.0,60.0,12.0,0.24,4.0,0.08,338.5,6.9,7.0,0.14,0.11,,,,0.0,0.0,1.83,202.0,4.11,69.0,4.33,130.0,2.64,0.51,21.0,0.43,7.0,0.14,2.0,1.0,33.0,5.0,0.1,3.0,0.06,19.0,0.39,95.0,3361.0,68.37,3190.0,64.9,4.27,11.11,142.0,2.89,57.0,1.16,300.0,6.1,,,,,16.0,8.0,0.16,0.0,6.0,0.12,38.0,0.33,81.0,48.0,39.0,0.79,4424.0,,3.22,0.07,-0.76,0.04,6.0,23.0,65.0,9.0,9.0,,34.0,,,0.02,,,,,,7.3,4424.0,85.08,,3692.0,1.76,0.04,0.0,,,,0.0,,2.13,,102.0,,0.9,2.08,,1.76,187.0,149.0,6.0,5.0
2026-2027,Fredrik Aursnes,Benfica,"D (L), DM, M (C), AM (RL)",,31,Inj,Full Contract,NOR,30000000.0,36000000.0,4678000.0,3/12/2025,6/30/2028,14500000.0,,,42.0,12.0,30.0,2.0,8.0,7.0,4.0,0.0,3.0,Regular Starter,,Professional,16,A sports hernia,Increased,7.0,0.0,Low,13,1,15,13,13,17,15,2,3,14,15,14,14,15,11,2,9,14,12,7,3,9,10,2,14,9,6,11,20,11,1,13,14,10,15,1,3,1,16,12,13,17,14,3,12,16,81.0,2.76,0.27,7.0,0.24,0.85,25.0,16.0,0.55,5.0,20.0,83.0,2.83,17.0,0.58,250.3,8.5,75.0,2.56,0.1,,,,0.0,2.0,1.4,40.0,1.37,49.0,16.38,52.0,1.77,0.1,60.0,2.05,1.0,0.03,0.0,6.0,20.0,40.0,1.37,8.0,0.27,46.0,1.57,89.0,1883.0,64.27,1671.0,57.03,12.12,7.03,341.0,11.64,93.0,3.17,187.0,6.38,,,,,39.0,3.0,0.1,0.92,9.0,0.31,23.0,1.33,83.0,59.0,49.0,1.67,1318.5,,6.42,0.22,-1.96,0.14,57.0,32.0,67.0,7.0,7.0,,28.0,,,0.07,0.0,6.73,,,,,2637.0,62.79,,528.0,3.96,0.14,0.0,,,,0.0,,2.17,,64.0,,0.82,2.18,,3.96,524.0,456.0,60.0,52.0
2026-2027,Ferdi Kadıoğlu,Benfica,D/WB (RL),,27,Wnt,Full Contract,TUR,30000000.0,40000000.0,5351000.0,7/26/2026,6/30/2031,35500000.0,,,48.0,7.0,41.0,3.0,4.0,7.03,4.0,0.0,3.0,Regular Starter,,Spirited,15,,Very High,10.0,3.0,Low,15,1,14,14,13,14,12,3,1,12,12,10,13,13,14,3,10,12,14,10,1,7,6,1,12,12,8,11,16,12,1,14,13,10,12,1,2,3,16,11,12,14,15,2,13,15,139.0,3.53,0.1,20.0,0.51,0.36,14.0,23.0,0.58,18.0,12.0,90.0,2.29,11.0,0.28,333.2,8.5,162.0,4.11,0.09,,,,0.0,1.0,2.13,55.0,1.4,40.0,16.84,132.0,3.35,0.08,43.0,1.09,5.0,0.13,1.0,1.0,12.0,90.0,2.29,11.0,0.28,43.0,1.09,89.0,2237.0,56.81,1990.0,50.54,9.93,12.37,437.0,11.1,115.0,2.92,296.0,7.52,,,,,17.0,3.0,0.08,0.3,8.0,0.2,47.0,0.43,85.0,138.0,117.0,2.97,1181.33,,5.57,0.14,1.54,0.04,35.0,30.0,63.0,9.0,9.0,,30.0,,,0.08,1.0,6.86,,,,6.7,3544.0,73.83,,2397.0,1.46,0.04,0.0,,,,0.0,,2.06,,83.0,,0.97,2.11,,1.46,306.0,287.0,27.0,25.0
2026-2027,Braian Aguirre,Vigo,"D (RL), WB/M (R)",,26,Lst,Full Contract,ARG,9200000.0,9200000.0,1456000.0,8/28/2023,6/30/2028,9750000.0,,,43.0,25.0,18.0,3.0,3.0,6.98,2.0,0.0,2.0,Out On Loan,,Fairly Determined,16,,,,,Below Average,13,2,8,13,13,11,14,2,1,14,13,8,12,12,12,2,11,14,5,11,2,8,8,1,11,11,11,13,13,13,1,13,10,10,13,1,3,3,15,10,13,13,13,2,12,14,103.0,4.65,0.14,12.0,0.54,0.23,5.0,24.0,1.08,11.0,6.0,32.0,1.44,2.0,0.09,177.6,8.0,26.0,1.17,0.12,,,,2.0,0.0,3.38,28.0,1.26,27.0,14.93,57.0,2.57,0.23,35.0,1.58,2.0,0.09,0.0,0.0,6.0,32.0,1.44,2.0,0.09,31.0,1.4,82.0,1011.0,45.61,834.0,37.62,9.65,10.78,266.0,12.0,69.0,3.11,95.0,4.29,,,,,27.0,6.0,0.27,0.36,10.0,0.45,37.0,1.22,92.0,72.0,66.0,2.98,665.0,,3.15,0.14,-0.28,0.15,19.0,9.0,53.0,10.0,10.0,,23.0,,,0.14,,,,,,,1995.0,46.4,,101.0,3.28,0.15,0.0,,,,0.0,,1.84,,28.0,,0.95,1.26,,3.28,208.0,195.0,8.0,6.0
2026-2027,Declan Trainor,Benfica,"D (C), DM",,17,Yth,Full Contract,SCO,500000.0,1200000.0,3600.0,3/21/2026,6/30/2030,0.0,,,,,,,,,,,,Youngster,Trained at club (15-21),Light-Hearted,13,,Low,,,Very High,8,2,18,9,11,15,14,3,2,7,11,4,7,13,6,4,3,10,5,1,2,10,12,2,10,7,5,10,13,6,3,8,8,6,9,3,3,3,10,10,12,11,8,1,9,13,,,,,,,,,,,,,,,,,,,,,,,,,,,,,,,,,,,,,,,,,,,,,,,,,,,,,,,,,,,,,,,,,,,,,,,,,,,,,,,,,,,,,,,4.0,,,,,,,,,,,,,,,,,,,,,,,,,,,,,,,8.0,3.0,,
2026-2027,Julio Patiño,Benfica,"D (RC), DM",,19,,Full Contract,COL,31000000.0,43000000.0,1001000.0,1/2/2027,6/30/2031,3000000.0,,,17.0,13.0,4.0,0.0,0.0,6.77,3.0,0.0,0.0,Squad Player,,Driven,19,,Low,3.0,0.0,Below Average,13,1,17,14,16,13,10,3,2,15,10,10,12,12,9,2,7,11,8,10,1,12,16,1,10,6,13,13,18,10,1,15,9,6,14,3,3,3,13,12,14,13,10,3,11,11,47.0,6.42,,5.0,0.68,0.27,2.0,3.0,0.41,,13.0,22.0,3.0,3.0,0.41,61.3,8.4,6.0,0.82,0.08,,,,0.0,0.0,1.09,39.0,5.33,83.0,15.16,17.0,2.32,0.27,5.0,0.68,0.0,0.0,0.0,0.0,14.0,22.0,3.0,3.0,0.41,4.0,0.55,88.0,391.0,53.4,343.0,46.84,9.97,14.34,68.0,9.29,14.0,1.91,52.0,7.1,,,,,3.0,2.0,0.27,0.14,2.0,0.27,67.0,0.41,77.0,26.0,20.0,2.73,,,0.39,0.05,-0.23,0.03,6.0,7.0,71.0,2.0,3.0,2.0,12.0,,,,0.0,6.73,,,,,659.0,38.76,,,0.23,0.03,0.0,,,,0.0,,2.24,,15.0,,0.96,2.05,,0.23,50.0,44.0,3.0,3.0
2026-2027,Ladislav Krejčí,Bologna,"D (C), DM",,28,Lst,Full Contract,CZE,21000000.0,21000000.0,2522000.0,7/1/2025,6/30/2030,2300000.0,,,31.0,0.0,31.0,0.0,4.0,7.01,9.0,1.0,0.0,Out On Loan,,Fairly Determined,16,,Low,7.0,0.0,,13,1,13,13,13,15,16,1,1,14,14,7,7,13,12,3,11,12,11,9,1,14,15,1,16,12,7,14,13,8,2,13,15,12,10,3,2,2,15,15,14,12,12,2,10,17,121.0,4.22,0.14,18.0,0.63,0.03,1.0,16.0,0.56,,8.0,12.0,0.42,1.0,0.03,230.7,8.1,20.0,0.7,0.08,,,,0.0,0.0,1.57,76.0,2.65,63.0,12.39,64.0,2.23,0.24,19.0,0.66,2.0,0.07,0.0,1.0,8.0,12.0,0.42,1.0,0.03,19.0,0.66,92.0,1727.0,60.29,1583.0,55.26,6.77,11.56,246.0,8.59,69.0,2.41,107.0,3.74,,,,,20.0,6.0,0.21,0.17,4.0,0.14,20.0,0.7,71.0,72.0,51.0,1.78,,,2.93,0.1,-1.59,0.06,15.0,45.0,48.0,5.0,11.0,,15.0,,,,1.0,7.39,,,,,2578.0,83.16,,,1.59,0.06,0.0,,,,0.0,,1.61,,42.0,,1.12,1.47,,1.59,234.0,234.0,35.0,35.0
2026-2027,Luigi Kaiser,Benfica,D (LC),,15,Yth,Full Contract,POR,30000.0,325000.0,5750.0,4/25/2027,6/30/2031,0.0,,,,,,,,,,,,Youngster,,Balanced,12,,Low,,,Above Average,10,3,6,12,10,9,18,1,3,7,8,4,10,12,12,1,3,10,12,2,2,8,10,1,8,6,1,10,9,8,3,10,7,7,10,1,2,3,10,6,10,11,15,3,5,11,,,,,,,,,,,,,,,,,,,,,,,,,,,,,,,,,,,,,,,,,,,,,,,,,,,,,,,,,,,,,,,,,,,,,,,,,,,,,,,,,,,,,,,1.0,,,,,,,,,,,,,,,,,,,,,,,,,,,,,,,,,,
2026-2027,Carlo Gonçalves,Benfica,D (RL),,16,Yth,Full Contract,POR,26000.0,250000.0,3600.0,3/21/2026,6/30/2030,0.0,,,,,,,,,,,,Youngster,,Unambitious,6,,Low,,,Above Average,11,2,9,10,8,7,12,3,1,8,8,3,7,12,7,1,3,9,9,2,3,5,11,2,6,5,4,8,15,6,3,6,8,4,10,3,1,1,11,8,10,14,10,2,9,10,,,,,,,,,,,,,,,,,,,,,,,,,,,,,,,,,,,,,,,,,,,,,,,,,,,,,,,,,,,,,,,,,,,,,,,,,,,,,,,,,,,,,,,5.0,,,,,,,,,,,,,,,,,,,,,,,,,,,,,,,21.0,1.0,,
2026-2027,Abulai Jaló,Benfica,D (RL),,17,Yth,Full Contract,POR,60000.0,600000.0,3600.0,3/20/2025,6/30/2029,0.0,,,,,,,,,,,,Youngster,Trained at club (15-21),Unambitious,5,,Low,,,Average,9,3,14,11,12,15,8,3,3,7,10,3,11,13,7,2,5,11,8,2,3,7,5,1,8,1,5,12,14,5,1,13,10,2,10,1,1,2,13,8,12,15,14,1,11,15,,,,,,,,,,,,,,,,,,,,,,,,,,,,,,,,,,,,,,,,,,,,,,,,,,,,,,,,,,,,,,,,,,,,,,,,,,,,,,,,,,,,,,,1.0,,,,,,,,,,,,,,,,,,,,,,,,,,,,,,,27.0,20.0,,
2026-2027,Patrick Alves,Benfica,D (LC),,17,,Full Contract,POR,3600000.0,6800000.0,172000.0,10/25/2026,6/30/2029,0.0,,,,,,,,,,,,Future Prospect,Trained at club (15-21),Balanced,10,,Low,,,Below Average,14,2,15,12,12,10,17,3,4,13,12,5,10,13,8,1,5,8,6,7,3,10,14,2,9,4,5,12,15,7,1,11,9,7,10,3,4,3,12,12,15,11,13,1,7,13,,,,,,,,,,,,,,,,,,,,,,,,,,,,,,,,,,,,,,,,,,,,,,,,,,,,,,,,,,,,,,,,,,,,,,,,,,,,,,,,,,,,,,,1.0,,,,,,,,,,,,,,,,,,,,,,,,,,,,,,,62.0,29.0,2.0,2.0
2026-2027,Filipe Gonçalves,Benfica,D (LC),,20,Wnt,Full Contract,POR,8000.0,65000.0,76500.0,5/18/2026,6/30/2028,0.0,,,24.0,0.0,24.0,0.0,0.0,6.74,6.0,0.0,1.0,Youngster,Trained at club (15-21),Balanced,13,,Low,,,Low,14,2,15,9,12,10,9,3,1,4,8,1,1,14,2,2,2,7,6,4,2,10,14,2,7,5,1,14,13,3,3,11,7,1,14,3,1,3,10,9,13,6,5,1,2,7,177.0,7.38,,22.0,0.92,0.04,1.0,35.0,1.46,,11.0,17.0,0.71,2.0,0.08,159.7,6.7,5.0,0.21,0.09,,,,0.0,0.0,2.38,120.0,5.0,68.0,6.38,38.0,1.58,1.04,12.0,0.5,3.0,0.12,0.0,1.0,12.0,17.0,0.71,2.0,0.08,12.0,0.5,84.0,1151.0,47.96,964.0,40.17,10.21,10.46,122.0,5.08,36.0,1.5,93.0,3.88,,,,,11.0,23.0,0.96,0.08,2.0,0.08,18.0,0.46,77.0,44.0,34.0,1.42,,,0.39,0.02,-1.03,0.04,4.0,31.0,42.0,8.0,6.0,1.0,10.0,,,,,,,,,,2160.0,90.0,,,1.03,0.04,0.0,,,,0.0,,1.58,,29.0,,0.75,1.21,,1.03,81.0,51.0,1.0,1.0
2026-2027,Yasin Özcan,Benfica,D (LC),,21,,Full Contract,TUR,44000000.0,56000000.0,3471000.0,2/24/2026,6/30/2030,9500000.0,,,34.0,19.0,15.0,2.0,3.0,7.03,2.0,0.0,1.0,Squad Player,,Resolute,15,,Increased,,,Average,14,2,10,15,14,13,11,3,1,13,13,4,8,15,8,3,6,12,10,3,3,13,13,2,14,13,11,15,15,9,2,13,12,9,13,1,3,3,16,14,13,13,13,3,13,13,114.0,6.0,0.16,9.0,0.47,0.32,6.0,6.0,0.32,12.0,27.0,33.0,1.74,9.0,0.47,149.7,7.9,19.0,1.0,0.07,,,,0.0,2.0,1.53,85.0,4.47,75.0,11.95,51.0,2.68,0.26,18.0,0.95,2.0,0.11,1.0,1.0,27.0,33.0,1.74,9.0,0.47,17.0,0.89,92.0,1357.0,71.42,1243.0,65.42,7.95,14.0,153.0,8.05,42.0,2.21,170.0,8.95,,,,,17.0,5.0,0.26,0.47,7.0,0.37,41.0,0.89,89.0,63.0,56.0,2.95,855.0,,2.59,0.14,0.74,0.07,15.0,12.0,71.0,6.0,4.0,,24.0,,,0.11,,,,,,6.9,1710.0,50.29,,117.0,1.26,0.07,0.0,,,,0.0,,2.29,,46.0,,0.89,2.42,,1.26,139.0,98.0,6.0,5.0
2026-2027,Sebastián Boselli,Benfica,D (RLC),,23,,Full Contract,URU,30000000.0,36000000.0,2912000.0,7/11/2024,6/30/2029,14250000.0,,,40.0,6.0,34.0,5.0,3.0,7.03,2.0,0.0,1.0,Regular Starter,,Balanced,14,,Low,2.0,1.0,Above Average,14,2,12,13,15,14,11,1,1,12,14,8,12,14,11,3,6,12,10,6,2,15,14,1,5,9,10,13,14,12,2,14,12,6,14,1,2,1,16,13,14,15,12,3,14,12,188.0,6.1,0.1,9.0,0.29,0.26,8.0,22.0,0.71,21.0,26.0,71.0,2.3,19.0,0.62,245.1,7.9,38.0,1.23,0.13,,,,0.0,1.0,1.62,138.0,4.48,73.0,13.2,100.0,3.24,0.32,27.0,0.88,2.0,0.06,0.0,2.0,27.0,71.0,2.3,19.0,0.62,26.0,0.84,89.0,1753.0,56.85,1567.0,50.82,8.11,14.46,235.0,7.62,82.0,2.66,234.0,7.59,,,,,24.0,4.0,0.13,0.19,11.0,0.36,46.0,0.78,78.0,88.0,69.0,2.24,555.0,,2.84,0.09,1.79,0.1,19.0,28.0,70.0,7.0,5.0,1.0,28.0,,,0.16,0.0,7.0,,,,,2775.0,69.38,,123.0,3.21,0.1,0.0,,,,0.0,,2.27,,78.0,,0.91,2.53,,3.21,180.0,136.0,14.0,9.0
2026-2027,Willian Pacho,Benfica,D (LC),,25,Wtg,Full Contract,ECU,94000000.0,104000000.0,7020000.0,7/1/2026,6/30/2031,87000000.0,,,50.0,1.0,49.0,0.0,0.0,6.95,3.0,0.0,0.0,Star Player,,Spirited,16,,Very High,2.0,1.0,Below Average,15,3,12,14,16,16,16,3,1,14,15,3,7,14,11,4,7,13,11,4,4,14,14,3,9,8,11,17,14,11,1,16,13,8,15,3,2,2,14,16,16,13,12,3,14,16,307.0,6.65,,14.0,0.3,0.07,3.0,27.0,0.59,,16.0,6.0,0.13,1.0,0.02,324.5,7.0,15.0,0.33,0.09,,,,0.0,0.0,2.36,198.0,4.29,64.0,4.38,114.0,2.47,0.41,16.0,0.35,9.0,0.2,1.0,1.0,17.0,6.0,0.13,1.0,0.02,16.0,0.35,95.0,3704.0,80.29,3509.0,76.06,4.77,11.16,145.0,3.14,48.0,1.04,261.0,5.66,,,,,26.0,7.0,0.15,0.02,11.0,0.24,42.0,0.56,75.0,55.0,41.0,0.89,,,1.44,0.03,-2.34,0.05,8.0,26.0,68.0,8.0,8.0,,34.0,,,,0.0,7.05,,,,7.0,4152.0,83.04,,,2.34,0.05,0.0,,,,0.0,,2.2,,97.0,,0.89,2.1,,2.34,203.0,184.0,2.0,2.0
2026-2027,Iuri Besugo,Benfica,D (C),,15,Yth,Full Contract,POR,0.0,130000.0,5750.0,4/25/2027,6/30/2031,0.0,,,,,,,,,,,,Youngster,,Unambitious,4,,Low,,,Below Average,8,4,8,8,7,9,9,2,2,9,12,5,5,9,7,1,7,9,4,3,2,9,10,2,4,6,5,11,14,7,3,9,10,5,8,3,3,3,12,8,11,16,10,1,7,11,,,,,,,,,,,,,,,,,,,,,,,,,,,,,,,,,,,,,,,,,,,,,,,,,,,,,,,,,,,,,,,,,,,,,,,,,,,,,,,,,,,,,,,1.0,,,,,,,,,,,,,,,,,,,,,,,,,,,,,,,,,,
2026-2027,Amandio Manhita,Benfica,D (C),,16,Int,Full Contract,POR,14000000.0,17500000.0,3600.0,3/21/2026,6/30/2030,0.0,,,,,,,,,,,,Youngster,,Fairly Professional,12,,Low,,,Low,9,3,11,9,12,10,18,4,2,11,10,4,5,13,9,1,8,9,5,3,3,10,13,3,14,7,5,12,17,8,2,10,10,6,12,2,3,3,12,12,13,11,12,3,12,9,,,,,,,,,,,,,,,,,,,,,,,,,,,,,,,,,,,,,,,,,,,,,,,,,,,,,,,,,,,,,,,,,,,,,,,,,,,,,,,,,,,,,,,2.0,,,,,,,,,,,,,,,,,,,,,,,,,,,,,,,26.0,21.0,,
2026-2027,Fernando Cruces,Benfica,D (RC),,18,Loa,Full Contract,CHI,42000000.0,50000000.0,114000.0,1/2/2027,6/30/2029,7000000.0,,,,,,,,,,,,Breakthrough Prospect,,Resolute,16,,Low,,,Average,12,3,15,16,13,17,10,1,1,14,12,5,6,13,5,3,3,10,7,8,2,8,11,2,12,5,8,12,17,7,3,13,12,6,15,1,1,2,17,15,13,12,13,3,15,16,,,,,,,,,,,,,,,,,,,,,,,,,,,,,,,,,,,,,,,,,,,,,,,,,,,,,,,,,,,,,,,,,,,,,,,,,,,,,,,,,,,,,,,1.0,,,,,,,,,,,,,,,,,,,,,,,,,,,,,,,43.0,31.0,,
2026-2027,Angelo Inocêncio,Benfica,D (C),,18,,Full Contract,POR,1900000.0,3200000.0,180000.0,8/3/2025,6/30/2028,0.0,,,,,,,,,,,,Breakthrough Prospect,Trained at club (15-21),Balanced,14,,Low,,,Above Average,10,1,10,12,12,12,17,3,1,10,12,4,4,12,6,2,7,7,4,4,2,11,15,1,10,3,3,9,10,7,1,9,7,6,13,1,2,2,14,13,13,11,11,2,9,10,,,,,,,,,,,,,,,,,,,,,,,,,,,,,,,,,,,,,,,,,,,,,,,,,,,,,,,,,,,,,,,,,,,,,,,,,,,,,,,,,,,,,,,1.0,,,,,,,,,,,,,,,,,,,,,,,,,,,,,,,58.0,53.0,1.0,
2026-2027,Victor Saraiva,Benfica,D (C),,19,Int,Full Contract,POR,5800000.0,8199999.999999999,167000.0,12/2/2024,6/30/2028,0.0,,,,,,,,,,,,Breakthrough Prospect,Trained at club (15-21),Balanced,13,,Low,,,Above Average,14,2,10,14,12,14,10,3,3,11,13,5,9,12,9,3,7,11,10,7,3,12,13,2,8,6,7,13,15,11,1,14,12,6,12,2,1,4,12,13,11,11,11,1,12,11,,,,,,,,,,,,,,,,,,,,,,,,,,,,,,,,,,,,,,,,,,,,,,,,,,,,,,,,,,,,,,,,,,,,,,,,,,,,,,,,,,,,,,,1.0,,,,,,,,,,,,,,,,,,,,,,,,,,,,,,,80.0,30.0,1.0,
2026-2027,Michée Ndembi,Santa Clara,D (C),,19,,Full Contract,BEL,12500000.0,15000000.0,203000.0,6/7/2025,6/30/2028,0.0,,,33.0,0.0,33.0,0.0,0.0,6.81,4.0,0.0,1.0,Out On Loan,Trained in nation (15-21),Fairly Professional,14,,,,,High,15,2,11,14,14,13,12,1,3,11,12,4,7,12,8,1,6,10,12,5,1,12,14,2,8,5,5,12,17,8,3,16,8,6,12,2,2,3,12,13,12,12,9,1,11,12,209.0,6.63,,19.0,0.6,,0.0,41.0,1.3,,50.0,2.0,0.06,1.0,0.03,214.7,6.8,9.0,0.29,0.13,,,,0.0,0.0,1.81,152.0,4.82,73.0,4.41,51.0,1.62,0.6,9.0,0.29,13.0,0.41,0.0,0.0,50.0,2.0,0.06,1.0,0.03,9.0,0.29,84.0,1755.0,55.64,1468.0,46.54,4.85,14.2,83.0,2.63,25.0,0.79,119.0,3.77,,,,,14.0,23.0,0.73,0.06,3.0,0.1,21.0,0.44,93.0,41.0,38.0,1.2,,,0.77,0.02,-1.83,0.06,8.0,15.0,30.0,11.0,12.0,,10.0,,,,,,,,,,2839.0,86.03,,,1.83,0.06,0.0,,,,0.0,,1.24,,27.0,,0.86,0.86,,1.83,93.0,90.0,1.0,1.0
2026-2027,João Fonseca,Coventry,D (C),,20,,Full Contract,POR,17500000.0,20000000.0,1479000.0,7/4/2026,6/30/2030,120000.0,,,40.0,0.0,40.0,1.0,1.0,6.95,6.0,0.0,3.0,Out On Loan,Trained at club (15-21),Resolute,16,,,,,Below Average,14,1,13,14,14,14,13,3,3,12,13,4,7,14,9,2,6,10,10,5,2,14,15,2,13,7,7,13,15,10,3,15,12,8,13,3,3,2,12,14,12,13,12,2,13,14,257.0,6.42,0.03,31.0,0.78,0.28,11.0,44.0,1.1,7.0,,5.0,0.12,0.0,0.0,286.9,7.2,9.0,0.23,0.09,,,,0.0,1.0,1.93,180.0,4.5,70.0,5.55,89.0,2.23,0.68,12.0,0.3,15.0,0.38,0.0,0.0,0.0,5.0,0.12,0.0,0.0,12.0,0.3,92.0,2546.0,63.65,2338.0,58.45,3.27,16.35,119.0,2.98,38.0,0.95,174.0,4.35,,,,,15.0,29.0,0.72,0.17,2.0,0.05,13.0,0.38,85.0,60.0,51.0,1.27,3600.0,,4.27,0.11,-0.36,0.03,14.0,21.0,38.0,11.0,14.0,,15.0,,,0.03,,,,,,,3600.0,90.0,,968.0,1.36,0.03,0.0,,,,0.0,,1.4,,42.0,,1.07,1.05,,1.36,106.0,104.0,4.0,4.0
2026-2027,Diogo Rocha,Mafra,D (C),,20,Lst,Full Contract,POR,500000.0,500000.0,35500.0,6/5/2025,6/30/2029,5750.0,,,34.0,0.0,34.0,1.0,2.0,6.75,5.0,0.0,1.0,Out On Loan,Trained at club (15-21),Fairly Professional,13,,,,,Below Average,13,3,12,12,11,12,12,3,1,12,13,5,6,11,8,3,5,10,7,4,3,12,14,2,12,4,5,12,14,8,2,13,10,8,11,2,3,2,12,12,10,13,9,2,8,13,230.0,6.76,0.06,13.0,0.38,0.03,1.0,55.0,1.62,7.0,50.0,4.0,0.12,2.0,0.06,237.7,7.0,5.0,0.15,0.12,,,,0.0,0.0,2.26,153.0,4.5,67.0,5.38,51.0,1.5,0.76,12.0,0.35,6.0,0.18,1.0,0.0,50.0,4.0,0.12,2.0,0.06,12.0,0.35,89.0,1815.0,53.38,1607.0,47.26,3.94,13.5,115.0,3.38,41.0,1.21,116.0,3.41,,,,,15.0,19.0,0.56,0.21,5.0,0.15,33.0,0.44,89.0,53.0,47.0,1.38,3060.0,,1.16,0.03,-0.8,0.05,6.0,26.0,47.0,5.0,13.0,,16.0,,,0.03,,,,,,,3060.0,90.0,,494.0,1.8,0.05,0.0,,,,0.0,,1.56,,56.0,,1.21,1.65,,1.8,80.0,77.0,2.0,2.0
2026-2027,Alfa Fati,Benfica,GK,,16,Yth,Full Contract,GNB,1000.0,8000.0,5750.0,4/25/2027,6/30/2031,0.0,,,,,,,,,,,,Youngster,,Low Determination,3,,Low,,,Average,5,9,13,11,5,7,12,9,7,8,8,2,2,7,2,7,1,1,3,7,13,1,12,11,1,3,2,3,14,3,7,9,2,1,12,6,9,7,7,4,1,15,1,4,5,11,,,,,,,,,,,,,,,,,,,,,,,,,,,,,,,,,,,,,,,,,,,,,,,,,,,,,,,,,,,,,,,,,,,,,,,,,,,,,,,,,,,,,,,1.0,,,,,,,,,,,,,,,,,,,,,,,,,,,,,,,3.0,,,
2026-2027,Mario Coronel,Univ. Católica,GK,,18,,Full Contract,ARG,44000000.0,52000000.0,203000.0,1/2/2027,6/30/2029,7000000.0,,,23.0,0.0,23.0,0.0,0.0,6.88,4.0,0.0,4.0,Out On Loan,,Resolute,16,,Low,1.0,0.0,,10,13,15,17,15,11,15,12,13,11,13,6,1,16,3,12,3,8,2,5,12,1,11,17,7,1,3,3,8,1,14,11,12,7,15,14,16,10,11,12,2,11,10,12,9,14,,,,,,,0.0,,0.83,,,,,,,87.7,3.8,0.0,,0.0,3.75,0.16,88.0,,,,,,,0.0,0.0,,0.0,0.0,,0.0,0.0,1.0,0.0,,,,,,0.0,0.0,88.0,729.0,31.7,644.0,28.0,2.87,7.04,0.0,0.0,0.0,0.0,0.0,0.0,76.0,23.0,36.0,17.0,0.0,,,,,,,,0.0,4.0,0.0,0.0,,0.26,0.0,0.0,0.0,0.0,12.0,4.0,52.0,6.0,5.0,,12.0,23.0,1.0,,0.0,6.8,1.0,,,,2070.0,90.0,160.0,,0.0,0.0,0.0,4.0,0.0,0.0,0.0,,1.83,6.0,34.0,23.0,1.0,1.48,3.0,0.0,71.0,65.0,,
2026-2027,Manuel Magalhães,Benfica,GK,,17,Int,Full Contract,POR,400000.0,1600000.0,191000.0,6/20/2026,6/30/2029,0.0,,,6.0,2.0,4.0,0.0,0.0,6.4,0.0,0.0,0.0,Future Prospect,Trained at club (15-21),Fickle,12,,Increased,,,Above Average,7,7,6,13,8,6,10,12,12,8,13,3,1,12,3,1,3,1,2,4,13,1,8,10,15,2,1,3,7,2,9,8,10,3,9,13,8,8,8,8,3,7,7,11,6,10,,,,,,,0.0,,3.61,,,,,,,15.2,3.2,0.0,,0.0,-1.32,-0.28,85.0,,,,,,,2.76,1.0,0.21,0.21,1.0,0.21,0.0,0.0,0.0,0.0,,,,,,1.0,0.21,69.0,142.0,30.14,98.0,20.8,3.82,1.91,11.0,2.33,4.0,0.85,3.0,0.64,25.0,0.0,1.0,0.0,0.0,,,,,,,,,0.0,,,,0.21,0.09,0.02,0.0,0.0,0.0,0.0,0.0,5.0,1.0,1.0,0.0,6.0,1.27,,,,,,,,424.0,70.67,108.0,,0.0,0.0,0.0,0.0,0.0,,0.0,,1.1,1.0,3.0,5.0,1.06,0.64,0.0,0.0,35.0,26.0,,
2026-2027,Costa,Benfica,GK,,18,,Full Contract,POR,39000000.0,46000000.0,650000.0,4/28/2027,6/30/2031,0.0,,,20.0,1.0,19.0,0.0,0.0,6.95,0.0,0.0,0.0,Breakthrough Prospect,Trained at club (15-21),Perfectionist,17,,Low,,,Low,12,10,14,14,10,11,14,10,14,7,14,4,2,14,1,2,3,9,1,3,15,1,10,13,5,2,2,2,6,1,14,7,6,1,14,15,15,10,10,9,1,14,11,13,12,13,,,,,,,0.0,,1.49,,,,,,,75.8,3.9,0.0,,0.0,-3.54,-0.18,87.0,,,,,,,0.0,1.0,0.05,0.0,0.0,,0.0,0.0,1.0,0.0,,,,,,0.0,0.0,94.0,415.0,21.27,389.0,19.94,2.15,4.77,0.0,0.0,0.0,0.0,3.0,0.15,75.0,21.0,13.0,6.0,0.0,,,,,,,,,0.0,,,,0.51,0.0,0.0,0.0,0.0,0.0,0.0,70.0,3.0,3.0,,14.0,17.0,0.87,,,,,,,6.9,1756.0,87.8,38.0,,0.0,0.0,0.0,0.0,0.0,,0.0,,2.25,10.0,47.0,17.0,0.87,2.41,2.0,0.0,33.0,15.0,,
2026-2027,Tom Westwood,Stevenage,GK,,19,,Full Contract,ENG,19000000.0,23000000.0,312000.0,7/1/2026,6/30/2029,16000000.0,,,18.0,0.0,18.0,0.0,0.0,6.41,1.0,0.0,0.0,Out On Loan,,Light-Hearted,14,,,,,Above Average,14,14,8,9,11,15,12,15,7,9,11,4,1,15,1,1,3,9,3,4,14,1,13,12,9,1,3,2,11,1,11,13,10,3,12,14,12,10,9,9,3,9,11,10,7,13,,,,,,,0.0,,6.49,,,,,,,59.6,3.4,0.0,,0.0,-8.53,-0.49,90.0,,,,,,,0.0,0.0,,0.0,0.0,,0.0,0.0,0.0,0.0,,,,,,0.0,0.0,72.0,424.0,24.15,304.0,17.32,7.29,2.79,0.0,0.0,0.0,0.0,0.0,0.0,54.0,10.0,20.0,8.0,0.0,,,,,,,,0.0,3.0,0.0,0.0,,0.23,0.0,0.0,0.0,0.0,5.0,1.0,28.0,3.0,10.0,,5.0,32.0,1.82,,,,,,,,1580.0,87.78,26.0,,0.0,0.0,0.0,3.0,0.0,0.0,0.0,,1.0,4.0,19.0,32.0,1.82,1.08,2.0,0.0,20.0,20.0,,
2026-2027,Fletcher Lowe,Benfica,GK,,20,Inj,Full Contract,RSA,0.0,0.0,55500.0,6/4/2026,6/30/2027,0.0,,,9.0,2.0,7.0,0.0,0.0,6.49,2.0,0.0,0.0,Youngster,Trained at club (15-21),Fairly Determined,16,A broken hand,Increased,,,Very High,11,16,8,6,9,10,9,6,7,7,6,3,3,11,1,5,2,1,3,3,11,1,16,7,9,2,3,2,12,3,11,10,9,3,10,5,12,5,6,9,2,4,5,12,3,5,,,,,,,0.0,,6.23,,,,,,,23.0,3.3,0.0,,0.0,-1.62,-0.23,84.0,,,,,,,2.75,3.0,0.43,0.29,1.0,0.14,0.0,0.0,0.0,1.0,,,,,,1.0,0.14,73.0,207.0,30.0,151.0,21.88,11.3,1.59,8.0,1.16,2.0,0.29,7.0,1.01,59.0,2.0,8.0,3.0,0.0,,,,,,,,0.0,1.0,0.0,0.0,,0.0,0.0,0.0,0.0,0.0,5.0,3.0,33.0,3.0,3.0,,3.0,9.0,1.3,,,,,,,,621.0,69.0,49.0,,0.0,0.0,0.0,1.0,0.0,0.0,0.0,,1.35,0.0,5.0,10.0,1.45,0.72,1.0,0.0,12.0,3.0,,
2026-2027,Arnas Voitinovičius,P. Ferreira,GK,,20,,Full Contract,LTU,12000.0,150000.0,119000.0,6/5/2024,6/30/2027,5000.0,,,33.0,0.0,33.0,0.0,0.0,6.85,0.0,0.0,3.0,Out On Loan,Trained at club (15-21),Balanced,6,,,,,Below Average,9,13,11,13,11,13,9,11,12,12,12,3,3,12,1,12,3,8,11,3,12,4,14,11,9,1,1,1,16,6,10,11,11,1,11,13,11,12,10,12,3,10,9,13,11,11,,,,,,,0.0,,6.51,,,,,,,117.7,3.6,0.0,,0.0,7.32,0.22,87.0,,,,,,,0.0,0.0,,0.0,0.0,,0.0,0.0,1.0,0.0,,,,,,0.0,0.0,66.0,844.0,25.56,560.0,16.96,8.18,4.0,0.0,0.0,0.0,0.0,0.0,0.0,73.0,23.0,51.0,17.0,0.0,,,,,,,,50.0,2.0,1.0,0.03,,0.27,0.0,0.0,0.0,0.0,11.0,0.0,39.0,9.0,11.0,,13.0,33.0,1.0,,,,,,,,2972.0,90.06,9.0,,0.0,0.0,0.0,2.0,1.0,50.0,0.0,,1.45,9.0,41.0,33.0,1.0,1.24,2.0,0.0,89.0,87.0,,
2026-2027,Callan McKenna,Benfica,GK,,20,Loa,Full Contract,SCO,27000000.0,36000000.0,585000.0,8/24/2025,6/30/2030,13750000.0,,,3.0,0.0,3.0,0.0,0.0,7.07,0.0,0.0,0.0,Breakthrough Prospect,,Balanced,14,,Low,6.0,0.0,Below Average,9,13,6,12,14,11,16,12,9,16,13,6,7,14,8,12,4,11,10,4,12,6,16,15,8,4,12,3,13,10,17,12,14,2,13,12,12,11,13,15,7,7,10,15,11,8,,,,,,,0.0,,3.33,,,,,,,11.6,3.9,0.0,,0.0,-0.03,-0.01,89.0,,,,,,,0.0,0.0,,0.0,0.0,,0.0,0.0,0.0,0.0,,,,,,0.0,0.0,96.0,47.0,15.67,45.0,15.0,2.33,4.33,0.0,0.0,0.0,0.0,0.0,0.0,85.0,4.0,2.0,0.0,0.0,,,,,,,,,0.0,,,,0.67,0.0,0.0,0.0,0.0,0.0,0.0,100.0,0.0,0.0,1.0,3.0,1.0,0.33,,0.0,7.05,6.0,,,,270.0,90.0,70.0,,0.0,0.0,0.0,0.0,0.0,,0.0,,1.95,2.0,4.0,1.0,0.33,1.33,2.0,0.0,52.0,34.0,,
2026-2027,André Moreira,Arouca,GK,,20,,Full Contract,POR,8199999.999999999,11000000.0,109000.0,8/3/2024,6/30/2028,0.0,,,36.0,0.0,36.0,0.0,0.0,6.92,0.0,0.0,4.0,Out On Loan,Trained at club (15-21),Resolute,15,,,,,Below Average,12,14,7,15,12,14,8,14,13,12,12,3,1,12,3,11,3,10,8,3,11,6,14,12,8,1,2,1,14,6,14,12,11,3,13,10,13,9,13,14,3,12,10,12,12,13,,,,,,,0.0,,7.5,,,,,,,118.4,3.3,0.0,,0.06,8.23,0.23,88.0,,,,,,,0.06,2.0,0.06,0.0,0.0,,0.0,0.0,0.0,0.0,,,,,,0.0,0.0,70.0,772.0,21.44,540.0,15.0,8.58,5.17,0.0,0.0,0.0,0.0,9.0,0.25,76.0,24.0,66.0,18.0,1.0,,,,0.0,0.0,0.0,0.03,33.0,3.0,1.0,0.03,,0.25,0.0,0.0,-0.06,0.0,16.0,0.0,50.0,8.0,10.0,,18.0,36.0,1.0,,,,,,,,3240.0,90.0,57.0,,0.06,0.0,0.0,3.0,1.0,33.0,0.0,,1.72,9.0,53.0,36.0,1.0,1.47,3.0,0.06,89.0,86.0,3.0,3.0
2026-2027,Marcel Mendes-Dudziński,Benfica,GK,,22,Loa,Full Contract,POL,800000.0,1100000.0,173000.0,7/10/2023,6/30/2028,21500.0,,,3.0,0.0,3.0,0.0,0.0,6.43,0.0,0.0,0.0,Breakthrough Prospect,Trained at club (15-21),Fairly Professional,13,,Increased,,,Below Average,12,15,10,14,14,15,10,13,13,12,12,3,1,12,3,14,1,11,11,3,12,7,16,13,11,2,1,2,16,6,14,11,14,1,13,10,13,8,12,14,2,11,12,13,14,11,,,,,,,0.0,,2.33,,,,,,,12.1,4.0,0.0,,0.0,-1.82,-0.61,75.0,,,,,,,0.0,0.0,,0.0,0.0,,0.0,0.0,0.0,0.0,,,,,,0.0,0.0,89.0,54.0,18.0,48.0,16.0,2.67,2.33,0.0,0.0,0.0,0.0,0.0,0.0,16.0,1.0,0.0,0.0,0.0,,,,,,,,,0.0,,,,0.0,0.0,0.0,0.0,0.0,0.0,0.0,33.0,1.0,1.0,1.0,1.0,5.0,1.67,,,,,,,,270.0,90.0,77.0,,0.0,0.0,0.0,0.0,0.0,,0.0,,1.45,0.0,5.0,5.0,1.67,1.67,0.0,0.0,125.0,122.0,,
2026-2027,André Gomes,Benfica,GK,,22,,Full Contract,POR,325000.0,750000.0,195000.0,2/3/2023,6/30/2028,0.0,,,1.0,0.0,1.0,0.0,0.0,7.6,0.0,0.0,0.0,Breakthrough Prospect,Trained at club (15-21),Fairly Professional,14,,Low,,,Below Average,11,12,9,14,12,12,9,12,11,10,10,3,3,11,2,12,2,10,9,4,11,6,12,13,7,1,1,3,14,8,13,12,12,3,10,10,12,14,13,12,1,11,11,12,12,12,,,,,,,0.0,,0.0,,,,,,,4.0,4.0,0.0,,0.0,0.17,0.17,0.0,,,,,,,0.0,1.0,1.0,0.0,0.0,,0.0,0.0,0.0,0.0,,,,,,0.0,0.0,100.0,22.0,22.0,22.0,22.0,0.0,8.0,0.0,0.0,0.0,0.0,0.0,0.0,0.0,0.0,0.0,0.0,0.0,,,,,,,,,0.0,,,,1.0,0.0,0.0,0.0,0.0,0.0,0.0,100.0,0.0,0.0,23.0,1.0,0.0,0.0,,,,,,,,90.0,90.0,90.0,,0.0,0.0,0.0,0.0,0.0,,0.0,,1.65,1.0,6.0,0.0,0.0,6.0,,0.0,112.0,16.0,2.0,
