Name,Club,Position,Position Selected,Age,Inf,Type,Nat,Transfer Value (Low),Transfer Value (High),Salary,Begins,Expires,Transfer Fees Received,Ability,Potential,Apps (Total),Apps (Sub Apps),Starts,Gls,Ast,Av Rat,Yel,Red,PoM,Agreed Playing Time,Home Grown Status,Personality,Det,Injury,Injury Risk,Int Apps (Total),Int Apps (Sub Apps),Injury Susceptibility,Acceleration,Aerial Reach,Aggression,Agility,Anticipation,Balance,Bravery,Command of Area,Communication,Composure,Concentration,Corners,Crossing,Decisions,Dribbling,Eccentricity,Finishing,First Touch,Flair,Free Kick Taking,Handling,Heading,Jumping Reach,Kicking,Leadership,Long Shots,Long Throws,Marking,Natural Fitness,Off The Ball,One on Ones,Pace,Passing,Penalty Taking,Positioning,Punching (Tendency),Reflexes,Rushing Out (Tendency),Stamina,Strength,Tackling,Teamwork,Technique,Throwing,Vision,Work Rate,Hdrs A,Aer A/90,Asts/90,Blk,Blk/90,Ch C/90,CCC,Clear,Clr/90,Conv %,Cr C/A,Cr A,Crs A/90,Cr C,Cr C/90,Distance,Dist/90,Drb,Drb/90,xG/shot,xGP,xGP/90,xSv %,FK Shots,Goals Outside Box,Hdrs L/90,Hdrs,Hdrs W/90,Hdr %,Sprints/90,Itc,Int/90,K Hdrs/90,K Pas,K Ps/90,K Tck,K Tck/90,Gl Mst,Off,OP-Cr %,OP-Crs A,OP-Crs A/90,OP-Crs C,OP-Crs C/90,OP-KP,OP-KP/90,Pas %,Pas A,Ps A/90,Ps C,Ps C/90,Poss Lost/90,Poss Won/90,Pres A,Pres A/90,Pres C,Pres C/90,Pr Passes,Pr passes/90,Sv %,Svh,Svp,Svt,Shots,Shts Blckd,Shts Blckd/90,Shots Outside Box/90,ShT,ShT/90,Shot %,Shot/90,Tck R,Tck A,Tck C,Tck/90
Guilherme Afonso,Benfica,"AM (RL), ST (C)",,19,Vac,Full Contract,POR,0.0,0.0,73000.0,7/21/2022,6/30/2025,0.0,,,4.0,0.0,4.0,0.0,0.0,6.6,0.0,0.0,0.0,Youngster,,Balanced,8,,,,,Low,13,1,9,13,11,10,11,1,2,11,10,7,11,9,11,3,9,9,15,5,1,5,6,2,5,6,4,4,14,10,3,13,8,6,7,3,1,1,9,8,4,9,10,2,10,8,33.0,10.14,,1.0,0.31,0.31,1.0,0.0,0.0,,50.0,6.0,1.84,3.0,0.92,25.5mi,7.8mi,5.0,1.54,0.05,,,,0.0,0.0,8.6,5.0,1.54,15.0,7.99,3.0,0.92,0.0,2.0,0.61,0.0,0.0,0.0,2.0,50.0,6.0,1.84,3.0,0.92,2.0,0.61,87.0,84.0,25.8,73.0,22.42,19.35,2.76,25.0,7.68,4.0,1.23,3.0,0.92,,,,,5.0,0.0,0.0,0.61,3.0,0.92,60.0,1.54,100.0,2.0,2.0,0.61
João Afonso,Benfica,AM (RL),,18,Vac,Full Contract,POR,95000.0,950000.0,78000.0,2/15/2024,6/30/2027,0.0,,,,,,,,,,,,Future Prospect,Trained in nation (15-21),Balanced,9,,,,,Below Average,13,2,8,14,10,11,10,1,3,9,11,4,10,12,11,3,8,10,15,4,2,4,5,2,5,6,3,4,15,11,4,13,8,3,9,1,1,1,11,10,4,9,11,3,11,10,,,,,,,,,,,,,,,,,,,,,,,,,,,,,,,,,,,,,,,,,,,,,,,,,,,,,,,,,,,,,,,,,,,,,,,,,,,
Braian Aguirre,Benfica,"D (RL), M (R)",S5,24,Wnt,Full Contract,ARG,17000000.0,17000000.0,1456000.0,8/28/2023,6/30/2028,8000000.0,,,27.0,8.0,19.0,1.0,3.0,7.13,3.0,0.0,3.0,Regular Starter,,Fairly Determined,16,,Increased,,,Above Average,13,2,8,13,13,10,14,2,1,14,13,9,12,12,12,2,11,14,5,11,2,8,8,1,11,11,11,13,13,13,1,13,10,10,13,1,3,3,15,11,13,13,13,2,11,14,68.0,3.53,0.16,12.0,0.62,0.47,9.0,10.0,0.52,14.0,20.0,67.0,3.48,14.0,0.73,160.7mi,8.3mi,30.0,1.56,0.08,,,,1.0,1.0,1.66,36.0,1.87,53.0,18.29,55.0,2.86,0.0,34.0,1.77,3.0,0.16,0.0,1.0,21.0,64.0,3.33,13.0,0.68,32.0,1.66,88.0,1117.0,58.04,983.0,51.08,9.09,11.85,189.0,9.82,64.0,3.33,187.0,9.72,,,,,7.0,4.0,0.21,0.31,2.0,0.1,29.0,0.36,78.0,76.0,59.0,3.07
Patrick Alves,Benfica,D (C),,15,Vac,Full Contract,POR,950000.0,1900000.0,5750.0,3/20/2025,6/30/2029,0.0,,,,,,,,,,,,Youngster,,Balanced,10,,,,,Average,11,2,15,10,8,8,17,3,4,11,9,5,9,10,8,1,5,8,5,7,3,8,9,2,8,4,4,10,15,6,1,9,8,7,8,3,4,3,9,9,15,10,13,1,5,12,,,,,,,,,,,,,,,,,,,,,,,,,,,,,,,,,,,,,,,,,,,,,,,,,,,,,,,,,,,,,,,,,,,,,,,,,,,
Henrique Araújo,Nottm Forest,ST (C),,23,Trn,Full Contract,POR,800000.0,2000000.0,348000.0,9/5/2022,6/30/2027,300000.0,,,27.0,26.0,1.0,5.0,1.0,6.81,0.0,0.0,0.0,Out On Loan,Trained at club (15-21),Perfectionist,14,,,,,Average,12,1,14,12,13,13,13,2,2,13,12,7,10,11,12,4,14,13,13,7,2,12,13,2,10,10,7,5,12,13,2,12,11,14,6,1,3,3,12,12,7,11,13,3,11,13,59.0,9.98,0.17,1.0,0.17,,0.0,4.0,0.68,14.0,,2.0,0.34,0.0,0.0,44.2mi,7.5mi,4.0,0.68,0.13,,,,0.0,0.0,6.77,19.0,3.21,32.0,7.27,4.0,0.68,0.0,4.0,0.68,0.0,0.0,0.0,1.0,0.0,2.0,0.34,0.0,0.0,4.0,0.68,87.0,128.0,21.65,111.0,18.78,22.84,0.85,40.0,6.77,9.0,1.52,4.0,0.68,,,,,37.0,0.0,0.0,1.35,13.0,2.2,35.0,6.26,78.0,9.0,7.0,1.18
Arthur Cabral,Benfica,ST (C),STC,27,,Full Contract,BRA,41000000.0,45000000.0,3391000.0,1/26/2025,6/30/2029,40000000.0,,,43.0,2.0,41.0,28.0,4.0,7.2,0.0,0.0,3.0,Regular Starter,,Balanced,12,,Low,,,Below Average,12,2,12,13,14,16,14,3,1,15,12,8,10,14,14,3,16,14,13,7,3,15,15,2,10,13,4,5,13,14,2,13,13,16,7,2,1,2,13,15,6,12,16,3,14,10,259.0,7.01,0.11,4.0,0.11,0.14,5.0,5.0,0.14,31.0,,12.0,0.32,0.0,0.0,271.8mi,7.4mi,28.0,0.76,0.23,,,,0.0,2.0,3.9,115.0,3.11,44.0,5.87,26.0,0.7,0.22,21.0,0.57,1.0,0.03,0.0,20.0,0.0,12.0,0.32,0.0,0.0,21.0,0.57,83.0,641.0,17.35,533.0,14.42,4.79,3.33,206.0,5.57,39.0,1.06,38.0,1.03,,,,,91.0,2.0,0.05,0.35,50.0,1.35,55.0,2.46,70.0,46.0,32.0,0.87
Fredrik Aursnes,Benfica,"DM, M (C)",DM,29,Int,Full Contract,NOR,47000000.0,56000000.0,4678000.0,3/12/2025,6/30/2028,14500000.0,,,39.0,5.0,34.0,3.0,8.0,7.1,8.0,0.0,2.0,Important Player,,Professional,16,,Low,9.0,0.0,Low,13,1,15,13,14,17,15,2,3,15,15,14,14,16,12,2,9,14,12,8,3,10,11,2,14,10,6,11,20,12,1,14,15,10,16,1,3,1,17,12,13,17,14,3,13,17,60.0,1.94,0.26,7.0,0.23,0.42,13.0,17.0,0.55,9.0,41.0,93.0,3.01,21.0,0.68,261.8mi,8.5mi,28.0,0.91,0.1,,,,0.0,0.0,0.84,34.0,1.1,57.0,13.81,56.0,1.81,0.03,68.0,2.2,3.0,0.1,1.0,4.0,23.0,17.0,0.55,7.0,0.23,50.0,1.62,91.0,2090.0,67.61,1895.0,61.3,7.83,7.8,264.0,8.54,74.0,2.39,214.0,6.92,,,,,32.0,2.0,0.06,0.78,15.0,0.49,47.0,1.04,78.0,83.0,65.0,2.1
Alexander Bah,Benfica,D/WB/M/AM (R),DR,27,Trv,Full Contract,DEN,42000000.0,50000000.0,2634000.0,12/18/2023,6/30/2028,10500000.0,,,30.0,1.0,29.0,4.0,4.0,7.18,5.0,0.0,1.0,Regular Starter,,Balanced,14,,Increased,3.0,0.0,Average,16,3,13,15,16,12,13,3,3,11,10,12,15,12,13,2,11,13,13,7,1,11,12,4,7,12,13,11,14,13,3,15,13,8,9,3,1,1,13,12,13,13,15,1,13,15,103.0,3.79,0.15,13.0,0.48,0.66,18.0,24.0,0.88,27.0,16.0,107.0,3.93,18.0,0.66,227.9mi,8.4mi,65.0,2.39,0.13,,,,0.0,2.0,1.18,71.0,2.61,69.0,17.79,60.0,2.21,0.15,32.0,1.18,1.0,0.04,1.0,4.0,17.0,107.0,3.93,18.0,0.66,31.0,1.14,88.0,1490.0,54.78,1315.0,48.35,10.66,11.29,283.0,10.4,79.0,2.9,240.0,8.82,,,,,15.0,3.0,0.11,0.29,7.0,0.26,47.0,0.55,85.0,107.0,91.0,3.35
Adrian Bajrami,Alverca SAD,D (C),,23,Wnt,Full Contract,ALB,0.0,0.0,153000.0,3/11/2021,6/30/2025,13250.0,,,34.0,0.0,34.0,1.0,0.0,6.92,1.0,0.0,1.0,Out On Loan,Trained at club (15-21),Fairly Professional,13,,,2.0,0.0,Below Average,12,1,13,11,13,13,12,1,3,12,11,4,8,12,8,1,7,11,10,5,3,13,14,3,11,11,8,14,15,11,1,12,13,8,13,2,3,4,12,14,13,12,10,1,12,11,248.0,7.43,,24.0,0.72,,0.0,44.0,1.32,7.0,,0.0,0.0,0.0,0.0,237.9mi,7.1mi,0.0,,0.1,,,,0.0,0.0,1.74,190.0,5.69,77.0,4.88,94.0,2.82,1.17,2.0,0.06,14.0,0.42,1.0,1.0,,0.0,0.0,0.0,0.0,2.0,0.06,92.0,1821.0,54.54,1668.0,49.96,5.0,13.84,183.0,5.48,64.0,1.92,131.0,3.92,,,,,15.0,17.0,0.51,0.06,6.0,0.18,40.0,0.45,78.0,67.0,52.0,1.56
Daniel Barbosa,Benfica,AM (C),,15,Vac,Full Contract,POR,16000000.0,28000000.0,5750.0,3/20/2025,6/30/2029,0.0,,,,,,,,,,,,Youngster,,Fairly Ambitious,14,,,,,Average,11,2,9,10,13,7,10,2,1,9,7,9,9,9,12,1,11,15,18,13,3,11,3,2,5,10,6,5,12,13,2,10,15,7,8,3,1,2,11,4,6,10,15,4,9,14,,,,,,,,,,,,,,,,,,,,,,,,,,,,,,,,,,,,,,,,,,,,,,,,,,,,,,,,,,,,,,,,,,,,,,,,,,,
Luc Bayiha,Benfica,M/AM (R),,16,Vac,Full Contract,FRA,70000.0,160000.0,3600.0,5/2/2024,6/30/2028,0.0,,,,,,,,,,,,Youngster,,Unambitious,4,,,,,High,15,2,16,14,6,7,3,3,3,7,2,3,9,4,10,2,4,10,10,3,3,4,3,3,6,5,6,5,12,6,1,13,6,3,1,4,3,1,9,3,2,7,10,1,6,12,,,,,,,,,,,,,,,,,,,,,,,,,,,,,,,,,,,,,,,,,,,,,,,,,,,,,,,,,,,,,,,,,,,,,,,,,,,
Paulo Bernardo,VfB Stuttgart,M (C),,23,Trn,Full Contract,POR,8600000.0,9600000.0,376000.0,3/17/2022,6/30/2027,375000.0,,,35.0,0.0,35.0,1.0,3.0,6.87,2.0,0.0,0.0,Out On Loan,Trained at club (15-21),Spirited,16,,,,,Low,13,2,12,14,13,16,14,2,2,13,13,10,10,13,11,2,12,13,14,9,1,7,13,1,11,12,5,9,16,14,2,14,13,13,13,1,1,1,13,14,12,14,15,3,14,13,113.0,4.09,0.11,9.0,0.33,0.33,9.0,22.0,0.8,4.0,9.0,32.0,1.16,3.0,0.11,208.7mi,7.6mi,33.0,1.2,0.13,,,,0.0,0.0,2.46,45.0,1.63,40.0,10.39,51.0,1.85,0.43,35.0,1.27,2.0,0.07,0.0,1.0,9.0,32.0,1.16,3.0,0.11,35.0,1.27,88.0,1258.0,45.56,1102.0,39.91,15.28,11.55,324.0,11.73,98.0,3.55,91.0,3.3,,,,,25.0,0.0,0.0,0.18,6.0,0.22,24.0,0.91,71.0,91.0,65.0,2.35
Sebastián Boselli,Benfica,D (RLC),S2,21,Trv,Full Contract,URU,39000000.0,51000000.0,2912000.0,7/11/2024,6/30/2029,14250000.0,,,40.0,11.0,29.0,2.0,3.0,6.96,7.0,0.0,1.0,Regular Starter,,Balanced,14,,Low,12.0,1.0,Above Average,14,2,12,13,15,14,11,1,1,12,13,8,12,13,10,3,6,13,10,6,2,16,14,1,4,8,9,13,13,12,2,14,12,6,14,1,2,1,16,12,14,15,12,3,13,13,241.0,8.19,0.1,11.0,0.37,0.37,11.0,19.0,0.65,7.0,14.0,62.0,2.11,9.0,0.31,225.4mi,7.7mi,38.0,1.29,0.08,,,,0.0,0.0,2.31,173.0,5.88,72.0,11.56,64.0,2.18,0.48,22.0,0.75,3.0,0.1,0.0,4.0,15.0,62.0,2.11,9.0,0.31,22.0,0.75,89.0,1907.0,64.84,1701.0,57.84,8.67,13.16,183.0,6.22,59.0,2.01,261.0,8.87,,,,,27.0,7.0,0.24,0.07,13.0,0.44,48.0,0.92,88.0,56.0,49.0,1.67
Luís Brito,Benfica,AM (L),,16,Unr,Full Contract,POR,90000.0,5400000.0,3600.0,5/1/2024,6/30/2028,0.0,,,11.0,0.0,11.0,2.0,0.0,7.11,3.0,0.0,3.0,Future Prospect,,Driven,18,,,,,Very Low,15,1,9,13,7,11,8,1,1,8,4,6,11,7,13,1,9,8,14,7,3,5,1,3,13,5,1,5,12,12,2,15,7,5,4,3,2,2,10,4,8,12,13,3,6,9,64.0,5.82,,3.0,0.27,0.09,1.0,9.0,0.82,18.0,11.0,44.0,4.0,5.0,0.45,90.1mi,8.2mi,39.0,3.55,0.19,,,,0.0,0.0,4.91,10.0,0.91,16.0,11.09,25.0,2.27,0.09,22.0,2.0,0.0,0.0,0.0,4.0,11.0,43.0,3.91,5.0,0.45,20.0,1.82,86.0,340.0,30.91,292.0,26.55,18.82,4.18,115.0,10.45,29.0,2.64,31.0,2.82,,,,,11.0,0.0,0.0,0.27,2.0,0.18,18.0,1.0,72.0,25.0,18.0,1.64
João Capucho,Oliveirense,D/WB (L),,18,,Full Contract,POR,700000.0,3100000.0,83500.0,1/24/2024,6/30/2026,4000.0,,,26.0,0.0,26.0,0.0,0.0,6.93,4.0,0.0,2.0,Out On Loan,Trained at club (15-21),Resolute,15,,,,,Below Average,14,4,9,13,13,13,10,1,2,12,12,8,11,12,10,2,7,10,12,7,2,6,10,1,8,9,5,8,13,11,2,14,9,6,11,2,2,2,12,12,9,12,9,2,12,12,136.0,5.45,,32.0,1.28,0.16,4.0,59.0,2.37,,15.0,83.0,3.33,12.0,0.48,189.7mi,7.6mi,22.0,0.88,0.01,,,,0.0,0.0,2.25,80.0,3.21,59.0,13.4,63.0,2.53,0.32,35.0,1.4,5.0,0.2,0.0,1.0,14.0,80.0,3.21,12.0,0.48,35.0,1.4,86.0,1140.0,45.72,983.0,39.43,17.13,11.03,214.0,8.58,62.0,2.49,152.0,6.1,,,,,2.0,8.0,0.32,0.04,0.0,0.0,0.0,0.08,79.0,86.0,68.0,2.73
Valentín Carboni,Benfica,"AM (RC), ST (C)",AMC,20,Dev,Full Contract,ARG,51000000.0,69000000.0,2704000.0,1/2/2025,6/30/2029,36000000.0,,,19.0,4.0,15.0,12.0,8.0,7.63,1.0,0.0,5.0,Star Player,,Resolute,16,,Low,1.0,1.0,Low,15,1,7,16,14,13,12,3,1,15,12,9,13,14,17,2,15,15,16,11,2,10,12,2,8,14,5,9,16,17,1,14,16,11,9,1,3,1,13,11,8,12,17,1,16,13,62.0,4.13,0.53,4.0,0.27,0.8,12.0,4.0,0.27,32.0,19.0,53.0,3.53,11.0,0.73,126.7mi,8.4mi,36.0,2.4,0.16,,,,4.0,4.0,2.53,24.0,1.6,39.0,14.18,26.0,1.73,0.0,32.0,2.13,0.0,0.0,0.0,12.0,21.0,26.0,1.73,5.0,0.33,21.0,1.4,83.0,575.0,38.28,476.0,31.69,12.45,5.06,146.0,9.72,34.0,2.26,42.0,2.8,,,,,37.0,1.0,0.07,1.0,22.0,1.46,59.0,2.46,75.0,28.0,21.0,1.4
Juvenal Correia,Benfica,AM (L),,18,Unr,Full Contract,GNB,2500.0,26000.0,3600.0,7/1/2023,6/30/2026,0.0,,,,,,,,,,,,Youngster,,Balanced,10,,,,,Above Average,12,3,7,9,6,8,4,2,3,10,6,4,8,13,8,1,9,13,13,4,1,7,12,2,8,6,3,4,13,10,2,9,12,4,4,4,3,4,12,6,4,8,14,2,9,12,,,,,,,,,,,,,,,,,,,,,,,,,,,,,,,,,,,,,,,,,,,,,,,,,,,,,,,,,,,,,,,,,,,,,,,,,,,
Costa,Benfica,GK,,16,Unr,Full Contract,POR,20000000.0,25000000.0,3600.0,3/27/2024,6/30/2028,0.0,,,,,,,,,,,,Future Prospect,,Perfectionist,17,,,,,Low,11,9,14,13,9,9,13,9,13,4,13,4,2,13,1,2,3,7,1,4,14,1,8,12,5,2,2,2,6,1,11,6,4,1,13,15,14,10,9,6,1,14,10,10,10,13,,,,,,,,,,,,,,,,,,,,,,,,,,,,,,,,,,,,,,,,,,,,,,,,,,,,,,,,,,,,,,,,,,,,,,,,,,,
Francisco Couto,Benfica,"D/WB (R), AM (RL)",,18,Vac,Full Contract,POR,150000.0,350000.0,3600.0,7/1/2023,6/30/2026,0.0,,,,,,,,,,,,Youngster,Trained in nation (15-21),Resolute,15,,,,,Below Average,14,4,9,13,11,13,8,1,3,11,11,8,12,10,13,3,9,11,13,8,1,7,5,3,5,7,6,8,15,10,1,12,9,6,8,2,2,1,11,12,7,10,12,1,11,10,,,,,,,,,,,,,,,,,,,,,,,,,,,,,,,,,,,,,,,,,,,,,,,,,,,,,,,,,,,,,,,,,,,,,,,,,,,
Filipe Cruz,Benfica,D/WB (R),,23,Lst,Full Contract,POR,750000.0,750000.0,140000.0,2/9/2021,6/30/2026,0.0,,,2.0,2.0,,0.0,0.0,6.55,0.0,0.0,0.0,Future Prospect,Trained at club (15-21),Resolute,15,,Increased,,,Above Average,13,2,13,12,12,12,12,2,2,12,13,13,13,12,12,2,8,12,10,12,3,7,9,3,11,8,12,9,13,12,1,13,12,6,9,1,2,1,12,8,11,13,12,2,11,13,2.0,2.28,,0.0,,,0.0,0.0,0.0,,,3.0,3.42,0.0,0.0,8.2mi,0.0mi,1.0,1.14,0.0,,,,0.0,0.0,1.14,1.0,1.14,50.0,22.78,2.0,2.28,0.0,1.0,1.14,0.0,0.0,0.0,0.0,0.0,3.0,3.42,0.0,0.0,1.0,1.14,75.0,44.0,50.13,33.0,37.59,17.09,17.09,3.0,3.42,1.0,1.14,8.0,9.11,,,,,0.0,0.0,0.0,0.0,,,,,43.0,7.0,3.0,3.42
Tiago Dantas,Benfica,"DM, M/AM (C)",S12,24,Wnt,Full Contract,POR,9600000.0,10500000.0,674000.0,8/3/2024,6/30/2028,0.0,,,26.0,11.0,15.0,2.0,5.0,7.01,2.0,0.0,0.0,Fringe Player,Trained at club (15-21),Fairly Professional,12,,Increased,,,Below Average,11,3,7,15,14,12,7,3,1,15,12,14,12,16,13,2,8,16,13,11,3,5,4,4,11,7,3,10,12,13,3,10,15,13,12,1,2,1,14,5,7,12,16,2,16,12,34.0,2.16,0.32,8.0,0.51,0.32,5.0,5.0,0.32,7.0,50.0,21.0,1.33,4.0,0.25,131.5mi,8.4mi,12.0,0.76,0.06,,,,0.0,2.0,1.97,3.0,0.19,9.0,16.21,17.0,1.08,0.0,29.0,1.84,1.0,0.06,0.0,0.0,19.0,6.0,0.38,3.0,0.19,28.0,1.78,88.0,952.0,60.51,842.0,53.52,8.45,6.1,140.0,8.9,47.0,2.99,100.0,6.36,,,,,28.0,4.0,0.25,1.72,10.0,0.64,36.0,1.78,67.0,33.0,22.0,1.4
Francisco Domingues,SLB B,D/WB/M/AM (L),,23,Unr,Full Contract,POR,35000.0,35000.0,120000.0,3/2/2023,6/30/2026,0.0,,,31.0,0.0,31.0,0.0,3.0,6.82,5.0,0.0,1.0,Youngster,Trained at club (15-21),Balanced,13,,Low,,,,15,1,7,14,9,9,9,2,1,8,8,8,11,8,9,1,11,11,6,7,3,6,11,1,13,3,5,5,11,11,3,15,12,6,12,2,2,2,10,5,9,8,7,1,8,10,127.0,4.1,0.1,24.0,0.77,0.32,10.0,29.0,0.94,,12.0,230.0,7.42,24.0,0.77,262.1mi,8.5mi,41.0,1.32,0.07,,,,0.0,0.0,1.23,89.0,2.87,70.0,14.13,69.0,2.23,0.19,44.0,1.42,6.0,0.19,0.0,3.0,10.0,102.0,3.29,13.0,0.42,26.0,0.84,89.0,1636.0,52.77,1453.0,46.87,10.74,13.87,356.0,11.48,97.0,3.13,262.0,8.45,,,,,8.0,7.0,0.23,0.1,1.0,0.03,13.0,0.26,80.0,120.0,96.0,3.1
Estêvão Estrelado,Benfica,"M (C), AM (L)",,16,Unr,Full Contract,POR,9600000.0,12500000.0,3600.0,3/27/2024,6/30/2028,0.0,,,2.0,2.0,,1.0,0.0,6.85,0.0,0.0,0.0,Future Prospect,Trained at club (15-21),Driven,18,,,,,Very Low,12,2,9,14,8,11,8,1,1,8,7,6,7,8,13,1,7,12,15,6,3,7,10,2,10,9,5,2,13,9,2,13,10,7,5,3,2,2,14,7,7,16,13,3,6,16,2.0,,,0.0,,,0.0,0.0,,100.0,,6.0,,0.0,,5.3mi,,0.0,,0.16,,,,0.0,0.0,,1.0,,50.0,,0.0,,,0.0,,0.0,,0.0,0.0,0.0,6.0,,0.0,,0.0,,77.0,26.0,,20.0,,,,5.0,,1.0,,1.0,,,,,,1.0,0.0,,,1.0,,100.0,,,0.0,,
Hugo Félix,Arouca,"M (C), AM (RLC)",,21,,Full Contract,POR,5400000.0,8199999.999999999,231000.0,7/1/2023,6/30/2027,17250.0,,,36.0,1.0,35.0,3.0,5.0,6.89,1.0,0.0,2.0,Out On Loan,Trained at club (15-21),Light-Hearted,12,,,,,Below Average,11,3,7,12,10,14,8,1,1,13,11,14,15,14,14,2,11,14,17,16,2,6,6,2,8,13,5,7,14,12,2,12,14,15,9,3,1,1,10,8,6,9,16,2,15,9,136.0,4.8,0.18,9.0,0.32,0.39,11.0,26.0,0.92,5.0,17.0,152.0,5.36,24.0,0.85,217.7mi,7.7mi,77.0,2.72,0.12,,,,7.0,3.0,3.91,25.0,0.88,18.0,11.74,48.0,1.69,0.07,66.0,2.33,0.0,0.0,0.0,9.0,16.0,69.0,2.43,12.0,0.42,37.0,1.3,86.0,881.0,31.07,754.0,26.59,18.51,4.69,313.0,11.04,88.0,3.1,79.0,2.79,,,,,66.0,1.0,0.04,0.95,29.0,1.02,44.0,2.33,80.0,84.0,67.0,2.36
Artur Fernandes,Benfica,GK,,17,Vac,Full Contract,POR,35000.0,85000.0,78000.0,6/24/2024,6/30/2026,0.0,,,,,,,,,,,,Future Prospect,Trained in nation (15-21),Balanced,12,,,,,Very High,11,13,14,11,4,10,16,12,8,7,7,3,3,13,3,13,3,2,1,4,12,1,11,10,1,2,2,3,14,2,4,5,7,1,7,6,13,10,4,8,2,7,4,10,6,6,,,,,,,,,,,,,,,,,,,,,,,,,,,,,,,,,,,,,,,,,,,,,,,,,,,,,,,,,,,,,,,,,,,,,,,,,,,
Eduardo Fernandes,Benfica,AM (RL),,18,Vac,Full Contract,POR,0.0,110000.0,81000.0,3/24/2024,6/30/2026,0.0,,,,,,,,,,,,Future Prospect,Trained in nation (15-21),Balanced,9,,,,,Below Average,12,1,13,15,9,8,5,3,1,5,2,7,12,7,13,1,5,12,11,5,3,5,9,2,5,7,5,3,8,11,1,15,12,1,6,1,2,1,11,6,6,7,11,1,10,12,,,,,,,,,,,,,,,,,,,,,,,,,,,,,,,,,,,,,,,,,,,,,,,,,,,,,,,,,,,,,,,,,,,,,,,,,,,
Diogo Ferreira,Benfica,GK,,18,Vac,Full Contract,POR,16000.0,160000.0,81000.0,2/10/2024,6/30/2026,0.0,,,13.0,1.0,12.0,1.0,0.0,6.99,1.0,0.0,2.0,Future Prospect,Trained in nation (15-21),Balanced,6,,,,,Average,9,11,13,11,10,9,9,11,11,12,9,2,1,8,2,14,2,10,9,3,12,7,12,10,6,2,3,1,14,8,12,10,10,4,11,11,11,12,9,11,2,11,10,13,8,11,,,,,,0.08,1.0,,1.31,10.0,,,,,,77.5mi,6.3mi,12.0,0.98,0.14,0.29,0.02,0.0,,,,,,,5.65,16.0,1.31,0.57,5.0,0.41,1.0,0.08,0.0,3.0,,,,,,5.0,0.41,85.0,557.0,45.57,474.0,38.78,9.49,8.02,68.0,5.56,20.0,1.64,34.0,2.78,0.0,0.0,0.0,0.0,10.0,,,,4.0,0.33,40.0,0.82,,0.0,,
Gustavo Ferreira,Benfica,ST (C),,18,Int,Full Contract,POR,4600000.0,8000000.0,226000.0,11/5/2024,6/30/2027,0.0,,,2.0,0.0,2.0,1.0,0.0,6.15,0.0,0.0,0.0,Future Prospect,Trained at club (15-21),Fairly Professional,14,,,,,Below Average,13,2,10,12,11,13,9,1,4,11,10,6,7,11,10,1,12,11,13,6,3,11,11,1,6,9,6,6,14,12,3,14,9,10,7,2,2,2,11,12,6,9,12,1,11,9,12.0,6.0,,0.0,,,0.0,1.0,0.5,33.0,,2.0,1.0,0.0,0.0,7.5mi,3.8mi,0.0,,0.08,,,,0.0,1.0,3.5,5.0,2.5,42.0,3.0,0.0,,0.5,2.0,1.0,0.0,0.0,0.0,0.0,0.0,2.0,1.0,0.0,0.0,2.0,1.0,60.0,42.0,21.0,25.0,12.5,8.0,1.5,7.0,3.5,3.0,1.5,2.0,1.0,,,,,3.0,0.0,0.0,0.5,2.0,1.0,67.0,1.5,100.0,4.0,4.0,2.0
Martim Ferreira,Benfica,DM,,19,Vac,Full Contract,POR,325000.0,800000.0,61500.0,10/18/2022,6/30/2027,0.0,,,11.0,0.0,11.0,1.0,5.0,7.05,1.0,0.0,1.0,Future Prospect,Trained at club (15-21),Professional,15,,,,,Below Average,12,4,13,12,11,11,12,4,2,10,12,5,8,11,9,1,6,10,10,5,3,9,8,1,10,6,5,11,13,10,1,13,10,5,11,2,3,1,10,11,11,13,10,2,11,13,52.0,4.73,0.45,6.0,0.55,0.36,4.0,8.0,0.73,20.0,,4.0,0.36,0.0,0.0,75.8mi,6.9mi,7.0,0.64,0.11,,,,0.0,0.0,1.64,34.0,3.09,65.0,7.55,11.0,1.0,0.09,9.0,0.82,1.0,0.09,0.0,0.0,0.0,4.0,0.36,0.0,0.0,9.0,0.82,87.0,546.0,49.64,473.0,43.0,6.36,12.45,99.0,9.0,19.0,1.73,39.0,3.55,,,,,5.0,0.0,0.0,0.0,2.0,0.18,40.0,0.45,95.0,21.0,20.0,1.82
João Fidalgo,Benfica,GK,,19,Vac,Full Contract,POR,14000.0,14000.0,83500.0,3/8/2023,6/30/2026,0.0,,,,,,,,,,,,Youngster,Trained at club (15-21),Balanced,7,,,,,Above Average,9,14,5,12,10,8,15,9,10,10,7,1,1,12,2,15,1,5,2,4,12,1,13,8,1,2,1,3,11,2,13,7,5,3,6,10,12,6,4,8,1,5,2,10,5,5,,,,,,,,,,,,,,,,,,,,,,,,,,,,,,,,,,,,,,,,,,,,,,,,,,,,,,,,,,,,,,,,,,,,,,,,,,,
Anton Fisun,Benfica,DM,,18,Inj,Full Contract,POR,45000.0,100000.0,3600.0,7/1/2022,6/30/2026,0.0,,,,,,,,,,,,Youngster,Trained in nation (15-21),Balanced,4,Damaged cruciate ligaments,,,,Average,10,1,5,11,13,11,7,2,3,7,7,4,5,12,3,3,6,13,5,4,3,7,11,1,12,8,4,5,7,7,2,13,10,1,13,1,1,3,10,9,11,9,12,3,12,13,,,,,,,,,,,,,,,,,,,,,,,,,,,,,,,,,,,,,,,,,,,,,,,,,,,,,,,,,,,,,,,,,,,,,,,,,,,
Benjamim Fonseca,Benfica,M/AM (C),,18,Vac,Full Contract,POR,26000.0,275000.0,3600.0,7/1/2022,6/30/2026,0.0,,,,,,,,,,,,Breakthrough Prospect,Trained in nation (15-21),Balanced,12,,,,,Average,14,1,7,14,9,8,7,2,1,7,4,5,5,13,8,1,12,11,12,5,1,5,8,2,9,8,1,4,11,7,3,14,14,6,6,1,3,3,13,6,7,7,7,2,9,8,,,,,,,,,,,,,,,,,,,,,,,,,,,,,,,,,,,,,,,,,,,,,,,,,,,,,,,,,,,,,,,,,,,,,,,,,,,
João Fonseca,Benfica,D (C),S8,18,Loa,Full Contract,POR,17500000.0,22000000.0,203000.0,7/28/2024,6/30/2027,0.0,,,6.0,3.0,3.0,0.0,0.0,6.96,0.0,0.0,0.0,Fringe Player,Trained at club (15-21),Resolute,16,,Increased,,,Below Average,13,1,13,13,12,14,13,3,3,12,12,4,7,13,8,2,6,10,9,5,2,13,15,2,12,6,7,12,15,9,3,15,11,8,13,3,3,2,12,13,12,12,11,2,12,14,30.0,8.04,,1.0,0.27,,0.0,5.0,1.34,,,0.0,0.0,0.0,0.0,26.5mi,7.1mi,1.0,0.27,0.05,,,,0.0,0.0,2.68,20.0,5.36,67.0,6.96,7.0,1.88,0.0,0.0,,0.0,0.0,0.0,0.0,,0.0,0.0,0.0,0.0,0.0,0.0,95.0,241.0,64.55,229.0,61.34,3.48,10.18,10.0,2.68,3.0,0.8,21.0,5.62,,,,,1.0,0.0,0.0,0.0,0.0,0.0,0.0,0.27,75.0,4.0,3.0,0.8
Tiago Freitas,SLB B,"M (C), AM (RC)",,18,Unr,Full Contract,POR,10500000.0,15500000.0,148000.0,1/3/2025,6/30/2029,0.0,,,4.0,0.0,4.0,3.0,0.0,7.35,1.0,0.0,1.0,Breakthrough Prospect,Trained at club (15-21),Fairly Professional,14,,Low,,,,14,2,11,13,11,13,9,3,3,12,12,9,10,13,14,4,11,14,16,9,3,8,12,1,9,9,4,10,15,12,1,14,14,10,10,3,3,2,11,11,8,11,14,1,15,11,24.0,6.0,,1.0,0.25,,0.0,4.0,1.0,43.0,33.0,3.0,0.75,1.0,0.25,33.9mi,8.5mi,7.0,1.75,0.09,,,,1.0,2.0,4.5,6.0,1.5,25.0,13.5,6.0,1.5,0.0,8.0,2.0,0.0,0.0,0.0,0.0,33.0,3.0,0.75,1.0,0.25,7.0,1.75,83.0,189.0,47.25,156.0,39.0,11.25,4.5,41.0,10.25,12.0,3.0,12.0,3.0,,,,,7.0,0.0,0.0,1.5,4.0,1.0,57.0,1.75,67.0,9.0,6.0,1.5
André Gomes,Benfica,GK,,20,Vac,Full Contract,POR,700000.0,2500000.0,195000.0,2/3/2023,6/30/2028,0.0,,,,,,,,,,,,Breakthrough Prospect,Trained at club (15-21),Fairly Professional,14,,,,,Below Average,11,11,9,13,12,12,10,12,11,10,10,3,3,11,2,12,2,11,9,5,10,7,12,13,7,1,1,3,14,8,12,12,13,3,10,10,13,14,13,13,1,11,11,12,11,12,,,,,,,,,,,,,,,,,,,,,,,,,,,,,,,,,,,,,,,,,,,,,,,,,,,,,,,,,,,,,,,,,,,,,,,,,,,
André Gomes,P. Ferreira,M/AM (C),,19,,Full Contract,POR,8800000.0,10500000.0,137000.0,7/4/2024,6/30/2027,0.0,,,26.0,0.0,26.0,1.0,9.0,6.99,0.0,0.0,0.0,Out On Loan,Trained at club (15-21),Fairly Professional,14,,,,,Below Average,13,2,8,14,11,14,7,2,2,13,11,11,9,13,12,2,9,15,13,12,2,7,6,3,9,9,4,10,13,13,2,13,14,9,11,1,2,4,11,12,9,12,15,3,14,11,70.0,3.11,0.4,9.0,0.4,0.31,7.0,12.0,0.53,4.0,20.0,26.0,1.16,5.0,0.22,175.9mi,7.8mi,23.0,1.02,0.1,,,,1.0,0.0,2.4,16.0,0.71,23.0,9.51,43.0,1.91,0.0,44.0,1.96,0.0,0.0,0.0,2.0,19.0,25.0,1.11,5.0,0.22,35.0,1.56,84.0,1086.0,48.27,916.0,40.71,15.82,12.04,244.0,10.84,59.0,2.62,91.0,4.04,,,,,24.0,0.0,0.0,0.49,8.0,0.36,33.0,1.07,80.0,54.0,43.0,1.91
Filipe Gonçalves,Benfica,D (LC),,18,Vac,Full Contract,POR,16000.0,150000.0,3600.0,7/1/2022,6/30/2026,0.0,,,,,,,,,,,,Youngster,Trained in nation (15-21),Balanced,12,,,,,Low,14,2,15,9,12,10,8,3,1,4,8,1,1,14,2,2,2,7,5,4,2,10,14,2,6,5,1,14,13,3,3,12,7,1,13,3,1,3,10,9,13,6,5,1,2,7,,,,,,,,,,,,,,,,,,,,,,,,,,,,,,,,,,,,,,,,,,,,,,,,,,,,,,,,,,,,,,,,,,,,,,,,,,,
Tiago Gouveia,Benfica,AM (RL),AMR,23,Wnt,Full Contract,POR,37000000.0,41000000.0,473000.0,7/3/2023,6/30/2028,0.0,,,45.0,3.0,42.0,13.0,20.0,7.43,7.0,0.0,9.0,Fringe Player,Trained at club (15-21),Resilient,15,,Increased,,,Below Average,14,1,14,13,14,13,12,2,1,13,12,11,13,12,15,2,13,14,17,7,2,10,8,3,7,13,8,5,14,15,1,15,12,9,9,3,3,2,14,14,10,8,15,2,14,13,132.0,3.72,0.56,9.0,0.25,1.04,37.0,21.0,0.59,17.0,18.0,144.0,4.06,27.0,0.76,296.1mi,8.3mi,149.0,4.2,0.15,,,,0.0,2.0,2.93,28.0,0.79,21.0,16.93,72.0,2.03,0.0,74.0,2.08,1.0,0.03,0.0,20.0,19.0,144.0,4.06,27.0,0.76,74.0,2.08,85.0,1386.0,39.04,1184.0,33.35,14.45,6.51,554.0,15.61,137.0,3.86,130.0,3.66,,,,,76.0,2.0,0.06,0.59,32.0,0.9,42.0,2.14,86.0,111.0,96.0,2.7
Angelo Inocêncio,Benfica,D (C),,16,Vac,Full Contract,POR,2800000.0,5400000.0,3600.0,5/2/2024,6/30/2028,0.0,,,3.0,0.0,3.0,1.0,1.0,7.17,0.0,0.0,0.0,Youngster,,Fickle,15,,,,,Above Average,11,1,10,12,11,11,17,3,1,10,11,5,4,11,6,2,7,7,3,4,2,11,14,1,9,3,3,8,10,7,1,9,7,6,12,1,2,2,14,12,13,10,12,2,9,11,14.0,4.67,0.33,1.0,0.33,0.33,1.0,3.0,1.0,20.0,,1.0,0.33,0.0,0.0,21.6mi,7.2mi,0.0,,0.09,,,,0.0,0.0,3.0,5.0,1.67,36.0,9.0,3.0,1.0,0.33,3.0,1.0,1.0,0.33,0.0,0.0,0.0,1.0,0.33,0.0,0.0,3.0,1.0,80.0,158.0,52.67,127.0,42.33,5.67,16.67,25.0,8.33,7.0,2.33,12.0,4.0,,,,,5.0,0.0,0.0,0.33,1.0,0.33,20.0,1.67,100.0,7.0,7.0,2.33
Iseppe,Benfica,AM (C),,19,Vac,Full Contract,BRA,11000000.0,13000000.0,250000.0,7/1/2024,6/30/2027,4300000.0,,,7.0,4.0,3.0,0.0,0.0,6.73,0.0,0.0,0.0,Breakthrough Prospect,,Fairly Determined,16,A torn abdominal muscle,,,,Above Average,14,1,8,14,13,13,7,2,3,13,11,11,11,12,13,4,12,14,12,13,1,9,5,2,9,12,7,7,13,13,1,13,13,11,10,1,2,2,13,11,7,12,13,3,14,10,18.0,4.55,,1.0,0.25,0.25,1.0,3.0,0.76,,50.0,3.0,0.76,1.0,0.25,32.6mi,8.2mi,4.0,1.01,0.07,,,,1.0,0.0,4.04,2.0,0.51,11.0,9.61,7.0,1.77,0.0,7.0,1.77,0.0,0.0,0.0,0.0,33.0,2.0,0.51,1.0,0.25,6.0,1.52,80.0,154.0,38.93,123.0,31.1,9.86,4.8,31.0,7.84,13.0,3.29,10.0,2.53,,,,,10.0,0.0,0.0,2.53,2.0,0.51,20.0,2.53,86.0,7.0,6.0,1.52
Abulai Jaló,Benfica,D (R),,15,Vac,Full Contract,POR,45000.0,450000.0,5750.0,3/20/2025,6/30/2029,0.0,,,,,,,,,,,,Youngster,,Unambitious,4,,,,,Average,7,3,14,10,10,15,7,3,3,7,8,4,11,12,8,2,6,10,8,2,3,7,7,1,6,2,8,11,14,4,1,12,10,3,10,1,1,2,11,6,12,16,15,1,9,16,,,,,,,,,,,,,,,,,,,,,,,,,,,,,,,,,,,,,,,,,,,,,,,,,,,,,,,,,,,,,,,,,,,,,,,,,,,
Žan Jevšenak,Arouca,"D (C), DM, M (C)",,22,Unr,Full Contract,SVN,550000.0,550000.0,131000.0,1/2/2024,6/30/2026,10750.0,,,32.0,0.0,32.0,1.0,2.0,6.9,0.0,0.0,2.0,Out On Loan,Trained at club (15-21),Fairly Ambitious,13,,,,,Low,13,2,14,13,12,14,13,2,3,11,13,5,7,11,10,3,8,11,8,6,1,10,15,3,10,10,8,12,18,10,2,13,11,6,14,2,3,1,13,14,12,13,10,1,11,13,131.0,4.87,0.07,20.0,0.74,0.41,11.0,31.0,1.15,5.0,30.0,10.0,0.37,3.0,0.11,219.8mi,8.2mi,15.0,0.56,0.12,,,,0.0,1.0,2.49,64.0,2.38,49.0,11.9,47.0,1.75,0.3,27.0,1.0,5.0,0.19,0.0,0.0,30.0,10.0,0.37,3.0,0.11,27.0,1.0,88.0,1411.0,52.48,1236.0,45.97,6.95,12.72,246.0,9.15,66.0,2.45,124.0,4.61,,,,,20.0,4.0,0.15,0.3,5.0,0.19,25.0,0.74,79.0,73.0,58.0,2.16
David Jurásek,Getafe,D/WB (L),,24,,Full Contract,CZE,3500000.0,4800000.0,1198000.0,7/10/2023,6/30/2028,16250000.0,,,32.0,0.0,32.0,1.0,3.0,6.87,5.0,0.0,1.0,Out On Loan,,Fairly Professional,14,,,5.0,0.0,Very High,15,3,14,13,13,14,11,3,2,11,13,8,15,8,11,1,10,13,13,7,2,10,14,1,1,7,5,11,12,11,1,14,12,9,12,2,1,2,14,15,13,13,12,3,12,14,152.0,5.11,0.1,29.0,0.98,0.17,5.0,45.0,1.51,20.0,18.0,157.0,5.28,28.0,0.94,238.7mi,8.0mi,57.0,1.92,0.14,,,,0.0,0.0,2.02,92.0,3.09,61.0,14.39,87.0,2.93,0.44,28.0,0.94,1.0,0.03,1.0,4.0,18.0,153.0,5.15,28.0,0.94,28.0,0.94,87.0,1135.0,38.17,986.0,33.16,15.74,10.36,369.0,12.41,84.0,2.83,116.0,3.9,,,,,5.0,5.0,0.17,0.0,1.0,0.03,20.0,0.17,80.0,121.0,97.0,3.26
Modibo Keita,Benfica,D (C),,21,Vac,Full Contract,MLI,9000.0,16000.0,30000.0,6/4/2024,6/30/2026,0.0,,,,,,,,,,,,Youngster,,Balanced,11,,,,,Below Average,11,1,12,13,10,8,9,2,1,8,9,3,3,13,1,1,3,7,6,1,2,12,9,1,6,1,1,13,11,4,1,11,7,2,12,2,3,2,7,9,13,5,6,3,4,8,,,,,,,,,,,,,,,,,,,,,,,,,,,,,,,,,,,,,,,,,,,,,,,,,,,,,,,,,,,,,,,,,,,,,,,,,,,
Lenny Lacroix,SLB B,D (C),,22,Unr,Full Contract,FRA,35000.0,130000.0,212000.0,8/2/2022,6/30/2026,1100000.0,,,28.0,2.0,26.0,0.0,0.0,6.66,8.0,1.0,0.0,Youngster,,Balanced,12,,Low,,,,11,3,14,13,13,11,11,3,2,9,11,6,4,15,6,4,6,7,5,1,3,12,14,2,1,4,8,14,12,9,1,13,9,2,10,3,3,3,9,10,15,9,3,3,7,10,147.0,5.63,,15.0,0.57,,0.0,43.0,1.65,,25.0,4.0,0.15,1.0,0.04,180.6mi,6.9mi,1.0,0.04,0.09,,,,0.0,0.0,2.11,92.0,3.53,63.0,3.68,55.0,2.11,0.5,4.0,0.15,9.0,0.34,1.0,0.0,25.0,4.0,0.15,1.0,0.04,4.0,0.15,93.0,1895.0,72.64,1762.0,67.54,5.56,9.74,95.0,3.64,31.0,1.19,148.0,5.67,,,,,8.0,6.0,0.23,0.04,3.0,0.11,38.0,0.31,70.0,46.0,32.0,1.23
Fletcher Lowe,Benfica,GK,,18,Vac,Full Contract,RSA,0.0,0.0,3600.0,7/1/2023,6/30/2026,0.0,,,,,,,,,,,,Youngster,,Fairly Determined,16,,,,,High,11,15,8,6,9,8,9,6,7,6,6,3,3,12,1,5,2,1,3,5,10,1,16,8,8,2,3,2,12,3,9,10,8,3,9,5,12,5,4,8,2,5,4,10,4,5,,,,,,,,,,,,,,,,,,,,,,,,,,,,,,,,,,,,,,,,,,,,,,,,,,,,,,,,,,,,,,,,,,,,,,,,,,,
Rafael Luís,Benfica,"DM, M (C)",S6,20,,Full Contract,POR,24000000.0,33000000.0,923000.0,11/29/2024,6/30/2029,775000.0,,,29.0,16.0,13.0,3.0,3.0,7.08,0.0,0.0,1.0,Breakthrough Prospect,Trained at club (15-21),Model Citizen,16,,Low,,,Below Average,14,1,10,14,13,15,11,1,2,14,13,9,9,13,12,1,8,15,14,6,2,9,13,4,9,12,6,12,16,10,3,15,15,10,12,1,2,3,14,14,12,12,15,1,15,11,70.0,4.11,0.18,3.0,0.18,0.59,10.0,12.0,0.7,8.0,66.0,10.0,0.59,6.0,0.35,146.2mi,8.6mi,22.0,1.29,0.07,,,,0.0,2.0,1.64,42.0,2.47,60.0,13.63,25.0,1.47,0.12,28.0,1.64,1.0,0.06,0.0,0.0,60.0,9.0,0.53,6.0,0.35,28.0,1.64,89.0,1122.0,65.91,996.0,58.51,10.1,6.99,148.0,8.69,44.0,2.58,121.0,7.11,,,,,39.0,1.0,0.06,1.64,16.0,0.94,41.0,2.29,85.0,26.0,22.0,1.29
Evandro Luz,Benfica,AM (R),,18,Vac,Full Contract,POR,60000.0,130000.0,3600.0,7/1/2022,6/30/2026,0.0,,,,,,,,,,,,Youngster,Trained in nation (15-21),Balanced,7,,,,,High,14,3,15,10,5,9,8,3,2,6,7,6,12,12,12,1,10,11,13,5,1,7,12,3,1,7,4,4,14,9,2,12,14,3,4,1,3,2,10,10,5,8,14,4,10,9,,,,,,,,,,,,,,,,,,,,,,,,,,,,,,,,,,,,,,,,,,,,,,,,,,,,,,,,,,,,,,,,,,,,,,,,,,,
Manuel Magalhães,Benfica,GK,,15,Vac,Full Contract,POR,90000.0,900000.0,5750.0,3/20/2025,6/30/2029,0.0,,,,,,,,,,,,Youngster,,Fickle,12,,,,,High,6,8,6,13,7,4,11,11,11,5,13,3,1,11,3,1,3,1,2,5,12,1,9,9,15,2,1,3,7,2,8,7,10,3,8,13,8,8,6,6,3,7,6,9,6,10,,,,,,,,,,,,,,,,,,,,,,,,,,,,,,,,,,,,,,,,,,,,,,,,,,,,,,,,,,,,,,,,,,,,,,,,,,,
Marcos Leonardo,Benfica,"AM (L), ST (C)",S4,22,Unh,Full Contract,BRA,19000000.0,24000000.0,1643000.0,7/10/2023,6/30/2029,19250000.0,,,45.0,30.0,15.0,14.0,7.0,7.04,4.0,0.0,4.0,Fringe Player,,Balanced,13,,Low,,,Below Average,15,2,12,15,15,12,13,2,3,15,13,5,9,13,11,3,16,13,14,4,3,12,11,3,11,11,8,5,15,16,2,14,11,10,6,3,3,2,14,14,4,12,15,2,11,14,138.0,5.67,0.29,3.0,0.12,0.41,10.0,10.0,0.41,25.0,13.0,37.0,1.52,5.0,0.21,192.5mi,7.9mi,37.0,1.52,0.2,,,,0.0,2.0,3.82,45.0,1.85,33.0,11.54,43.0,1.77,0.0,24.0,0.99,0.0,0.0,0.0,11.0,14.0,37.0,1.52,5.0,0.21,24.0,0.99,84.0,571.0,23.46,478.0,19.63,8.13,6.08,225.0,9.24,60.0,2.46,38.0,1.56,,,,,56.0,2.0,0.08,0.66,27.0,1.11,48.0,2.3,76.0,45.0,34.0,1.4
João Mário,Al-Qadsiah,"DM, M/AM (RLC)",,32,Unr,Full Contract,POR,7800000.0,7800000.0,2814000.0,7/13/2021,6/30/2026,42000000.0,,,42.0,1.0,41.0,5.0,8.0,7.79,0.0,0.0,5.0,Out On Loan,Trained in nation (15-21),Professional,11,,Low,,,,11,1,10,13,8,15,8,3,2,18,9,14,14,15,13,1,13,15,12,11,1,7,9,1,13,10,4,6,14,14,3,13,16,17,10,2,2,1,12,11,7,11,16,1,15,7,0.0,,0.19,0.0,,,0.0,0.0,0.0,5.0,,0.0,0.0,0.0,0.0,0.0mi,0.0mi,0.0,,0.12,,,,0.0,0.0,,,,,0.0,0.0,,0.0,0.0,,0.0,0.0,0.0,0.0,,0.0,0.0,0.0,0.0,0.0,0.0,73.0,840.0,20.4,609.0,14.79,0.0,0.0,0.0,0.0,0.0,0.0,0.0,0.0,,,,,102.0,0.0,0.0,0.0,58.0,1.41,57.0,2.48,76.0,67.0,51.0,1.24
Faustino Marques Afonso,Benfica,M (C),,15,Vac,Full Contract,POR,425000.0,4200000.0,5750.0,3/20/2025,6/30/2029,0.0,,,,,,,,,,,,Youngster,,Unambitious,5,,,,,Average,10,3,10,8,9,8,9,2,3,13,8,8,6,13,9,3,6,11,4,10,2,5,4,3,8,7,2,6,16,8,4,9,14,4,7,2,2,3,9,6,6,13,12,2,13,14,,,,,,,,,,,,,,,,,,,,,,,,,,,,,,,,,,,,,,,,,,,,,,,,,,,,,,,,,,,,,,,,,,,,,,,,,,,
José Marques,SLB B,AM (RL),,20,Unr,Full Contract,POR,22000.0,800000.0,110000.0,1/3/2024,6/30/2026,14500.0,,,,,,,,,,,,Youngster,Trained at club (15-21),Balanced,12,,Low,,,,14,1,10,14,11,13,10,1,3,12,12,9,13,11,14,2,9,12,15,8,3,8,10,3,7,10,5,6,17,10,3,14,12,8,8,2,4,3,11,11,6,10,13,2,12,11,,,,,,,,,,,,,,,,,,,,,,,,,,,,,,,,,,,,,,,,,,,,,,,,,,,,,,,,,,,,,,,,,,,,,,,,,,,
Soualiho Meïté,Las Palmas,"DM, M (C)",,31,Trn,Full Contract,CIV,1100000.0,1800000.0,1617000.0,7/23/2021,6/30/2026,22500000.0,,,38.0,0.0,38.0,1.0,1.0,6.79,3.0,0.0,1.0,Out On Loan,,Fairly Professional,12,,,,,Average,10,3,10,10,14,16,12,1,1,15,12,9,10,13,13,2,7,13,13,8,1,13,14,3,8,12,9,12,15,12,3,12,14,9,13,3,3,1,14,16,13,14,14,3,13,12,106.0,3.0,0.03,19.0,0.54,0.11,4.0,27.0,0.76,8.0,11.0,9.0,0.25,1.0,0.03,291.8mi,8.3mi,34.0,0.96,0.11,,,,0.0,1.0,1.19,64.0,1.81,60.0,11.7,64.0,1.81,0.11,25.0,0.71,2.0,0.06,0.0,0.0,11.0,9.0,0.25,1.0,0.03,25.0,0.71,89.0,1910.0,54.09,1708.0,48.37,7.9,10.53,352.0,9.97,94.0,2.66,191.0,5.41,,,,,13.0,2.0,0.06,0.14,2.0,0.06,15.0,0.37,78.0,99.0,77.0,2.18
José Melro,Magdeburg,"AM (R), ST (C)",,21,Lst,Full Contract,POR,3000000.0,3000000.0,225000.0,3/24/2024,6/30/2028,18750.0,,,31.0,1.0,30.0,9.0,2.0,6.77,3.0,0.0,1.0,Out On Loan,Trained in nation (15-21),Fairly Professional,14,,,,,Above Average,14,3,11,13,15,13,12,3,1,14,12,9,11,13,12,2,15,13,14,7,3,10,12,2,7,13,4,6,12,14,1,13,9,11,7,3,1,3,12,12,6,12,12,2,12,12,238.0,10.16,0.09,3.0,0.13,0.3,7.0,14.0,0.6,15.0,27.0,11.0,0.47,3.0,0.13,163.5mi,7.0mi,33.0,1.41,0.1,,,,0.0,1.0,7.3,67.0,2.86,28.0,6.06,25.0,1.07,0.09,15.0,0.64,0.0,0.0,0.0,16.0,27.0,11.0,0.47,3.0,0.13,15.0,0.64,86.0,516.0,22.02,446.0,19.03,21.89,2.26,167.0,7.13,35.0,1.49,17.0,0.73,,,,,60.0,0.0,0.0,0.85,25.0,1.07,42.0,2.56,84.0,31.0,26.0,1.11
Marcel Mendes-Dudziński,SLB B,GK,,20,Unr,Full Contract,POL,1400000.0,2200000.0,173000.0,7/10/2023,6/30/2028,0.0,,,34.0,0.0,34.0,0.0,0.0,6.74,0.0,0.0,2.0,Breakthrough Prospect,Trained at club (15-21),Fairly Professional,13,,Low,,,,11,13,10,13,12,14,9,13,12,12,10,3,1,10,3,14,1,11,11,3,11,7,15,13,9,2,1,2,16,6,12,10,13,1,12,10,12,8,11,13,2,11,11,12,12,11,,,,,,,0.0,,0.5,,,,,,,137.0mi,4.0mi,0.0,,0.0,-9.39,-0.28,84.0,,,,,,,0.03,5.0,0.15,0.0,0.0,,0.0,0.0,0.0,0.0,,,,,,0.0,0.0,96.0,897.0,26.38,859.0,25.26,1.32,6.18,0.0,0.0,0.0,0.0,4.0,0.12,68.0,30.0,36.0,15.0,0.0,,,,,,,,0.0,4.0,0.0,0.0
Gabriël Misehouy,Alavés,"M (C), AM (RLC), ST (C)",,19,Inj,Full Contract,NED,19500000.0,24000000.0,806000.0,7/1/2024,6/30/2028,0.0,,,40.0,0.0,40.0,5.0,3.0,6.88,3.0,0.0,0.0,Out On Loan,,Balanced,14,A gashed lower leg,,,,Above Average,13,1,11,15,9,13,7,2,3,9,11,12,9,12,13,2,13,14,13,10,3,8,8,3,13,11,6,7,13,10,3,13,13,9,8,4,2,2,10,13,6,12,14,2,15,13,120.0,4.43,0.11,3.0,0.11,0.44,12.0,9.0,0.33,11.0,13.0,54.0,1.99,4.0,0.15,224.2mi,8.3mi,28.0,1.03,0.13,,,,3.0,1.0,3.43,27.0,1.0,23.0,11.91,35.0,1.29,0.04,33.0,1.22,0.0,0.0,0.0,11.0,7.0,30.0,1.11,4.0,0.15,33.0,1.22,86.0,907.0,33.45,780.0,28.77,15.05,10.99,265.0,9.77,60.0,2.21,51.0,1.88,,,,,46.0,0.0,0.0,0.63,20.0,0.74,43.0,1.7,79.0,57.0,45.0,1.66
Jair Monteiro,Leixões,ST (C),,18,,Full Contract,POR,1100000.0,2000000.0,111000.0,8/3/2024,6/30/2027,9250.0,,,27.0,0.0,27.0,8.0,1.0,6.72,0.0,0.0,1.0,Out On Loan,Trained at club (15-21),Fairly Professional,13,,,,,Below Average,13,1,9,14,13,14,9,1,3,12,12,8,9,11,11,1,13,11,12,6,1,12,13,2,7,10,5,7,15,12,2,12,10,10,11,4,2,3,12,13,7,9,11,1,11,9,263.0,10.6,0.04,5.0,0.2,0.12,3.0,11.0,0.44,13.0,7.0,14.0,0.56,1.0,0.04,182.2mi,7.3mi,25.0,1.01,0.13,,,,0.0,1.0,6.81,94.0,3.79,36.0,5.88,25.0,1.01,0.2,14.0,0.56,1.0,0.04,0.0,19.0,7.0,14.0,0.56,1.0,0.04,14.0,0.56,86.0,561.0,22.6,485.0,19.54,19.94,2.05,154.0,6.2,43.0,1.73,18.0,0.73,,,,,61.0,0.0,0.0,0.93,25.0,1.01,41.0,2.46,77.0,39.0,30.0,1.21
Morato,Benfica,"D (LC), DM",DL,23,Wnt,Full Contract,BRA,45000000.0,56000000.0,3543000.0,7/15/2024,6/30/2029,6500000.0,,,43.0,7.0,36.0,1.0,1.0,6.96,5.0,0.0,0.0,Important Player,Trained at club (15-21),Fairly Professional,13,,Increased,2.0,1.0,Above Average,13,2,14,13,15,16,15,3,2,14,12,6,10,13,10,4,9,10,9,6,3,14,17,3,14,9,10,16,15,13,1,14,13,10,15,3,2,1,14,16,14,14,11,1,14,13,256.0,7.84,0.03,15.0,0.46,0.12,4.0,20.0,0.61,2.0,15.0,81.0,2.48,12.0,0.37,258.6mi,7.9mi,33.0,1.01,0.09,,,,0.0,0.0,2.51,174.0,5.33,68.0,13.13,80.0,2.45,0.52,28.0,0.86,5.0,0.15,1.0,5.0,15.0,73.0,2.23,11.0,0.34,27.0,0.83,90.0,2007.0,61.44,1809.0,55.38,9.46,14.54,263.0,8.05,71.0,2.17,263.0,8.05,,,,,49.0,4.0,0.12,0.18,16.0,0.49,33.0,1.5,82.0,87.0,71.0,2.17
André Moreira,Benfica,GK,,18,Unr,Full Contract,POR,325000.0,1800000.0,99500.0,8/3/2024,6/30/2027,0.0,,,21.0,1.0,20.0,3.0,1.0,7.1,0.0,0.0,2.0,Future Prospect,Trained at club (15-21),Fairly Professional,14,,,,,Below Average,11,12,7,14,10,13,8,12,11,10,9,3,1,9,3,11,3,9,8,5,9,6,12,11,6,1,2,1,14,6,12,11,10,3,9,10,12,9,11,12,3,12,9,9,10,13,,,0.05,,,0.29,6.0,,1.62,9.0,,,,,,138.1mi,6.8mi,26.0,1.28,0.13,0.77,0.04,95.0,,,,,,,8.64,21.0,1.03,0.49,22.0,1.08,0.0,0.0,0.0,4.0,,,,,,21.0,1.03,83.0,744.0,36.51,620.0,30.43,15.7,5.55,151.0,7.41,41.0,2.01,43.0,2.11,90.0,2.0,6.0,1.0,33.0,,,,10.0,0.49,30.0,1.62,,0.0,,
Gonçalo Moreira,Huesca,AM (RLC),,19,,Full Contract,POR,8400000.0,10000000.0,251000.0,7/5/2024,6/30/2029,0.0,,,37.0,0.0,37.0,8.0,6.0,6.91,0.0,0.0,0.0,Out On Loan,Trained at club (15-21),Professional,16,,,,,Average,14,3,12,16,11,10,12,2,2,12,13,8,12,13,14,3,13,13,14,7,2,7,6,2,9,10,5,7,13,14,2,13,13,9,9,2,3,1,11,11,6,13,15,2,15,14,135.0,4.52,0.2,10.0,0.33,0.43,13.0,26.0,0.87,13.0,15.0,26.0,0.87,4.0,0.13,238.7mi,8.0mi,57.0,1.91,0.1,,,,0.0,0.0,3.85,20.0,0.67,15.0,11.41,61.0,2.04,0.07,33.0,1.1,1.0,0.03,0.0,3.0,15.0,26.0,0.87,4.0,0.13,33.0,1.1,86.0,929.0,31.08,803.0,26.87,15.69,11.44,320.0,10.71,81.0,2.71,56.0,1.87,,,,,61.0,0.0,0.0,0.54,28.0,0.94,46.0,2.04,85.0,54.0,46.0,1.54
Karel Mustmaa,Nacional da Madeira,"AM (L), ST (C)",,19,Tgt,Full Contract,EST,350000.0,1800000.0,55000.0,1/4/2024,6/30/2028,0.0,,,33.0,0.0,33.0,11.0,2.0,6.79,0.0,0.0,1.0,Out On Loan,Trained in nation (15-21),Balanced,9,,,8.0,0.0,Below Average,14,2,10,13,12,11,9,1,1,13,9,10,11,11,12,1,13,13,15,11,1,9,10,1,8,12,5,7,14,12,2,14,10,10,9,2,2,3,12,12,5,8,13,3,12,7,237.0,8.61,0.07,5.0,0.18,0.29,8.0,13.0,0.47,26.0,14.0,41.0,1.49,6.0,0.22,207.0mi,7.5mi,42.0,1.53,0.15,,,,0.0,0.0,6.36,62.0,2.25,26.0,8.14,34.0,1.24,0.04,28.0,1.02,1.0,0.04,0.0,16.0,15.0,41.0,1.49,6.0,0.22,28.0,1.02,84.0,706.0,25.65,591.0,21.47,18.86,3.16,223.0,8.1,56.0,2.03,34.0,1.24,,,,,43.0,1.0,0.04,0.44,25.0,0.91,58.0,1.56,76.0,49.0,37.0,1.34
Michée Ndembi,Benfica,D (C),,17,Unr,Full Contract,BEL,9400000.0,12000000.0,83500.0,7/4/2024,6/30/2026,0.0,,,,,,,,,,,,Future Prospect,,Balanced,13,,,,,Average,14,2,11,13,12,12,12,1,3,10,11,3,7,10,8,1,6,9,12,5,1,11,13,2,7,5,5,11,16,7,3,14,7,5,11,2,2,3,11,12,12,11,9,1,10,11,,,,,,,,,,,,,,,,,,,,,,,,,,,,,,,,,,,,,,,,,,,,,,,,,,,,,,,,,,,,,,,,,,,,,,,,,,,
Francisco Neto,Benfica,AM (RLC),,18,Vac,Full Contract,POR,200000.0,450000.0,83500.0,9/13/2023,6/30/2026,0.0,,,,,,,,,,,,Future Prospect,Trained at club (15-21),Balanced,9,,,,,Below Average,13,2,9,13,8,11,7,3,1,11,10,6,9,11,14,2,10,11,12,4,3,4,6,3,5,8,3,3,12,8,1,13,10,9,5,1,3,1,8,7,3,8,11,3,11,6,,,,,,,,,,,,,,,,,,,,,,,,,,,,,,,,,,,,,,,,,,,,,,,,,,,,,,,,,,,,,,,,,,,,,,,,,,,
Martim Neto,SLB B,M (C),,22,Unr,Full Contract,POR,1900000.0,2700000.0,306000.0,7/4/2023,6/30/2028,25500.0,,,18.0,0.0,18.0,4.0,6.0,7.17,1.0,0.0,1.0,Breakthrough Prospect,Trained at club (15-21),Resolute,15,,Low,,,,12,2,11,12,12,14,12,3,1,12,12,10,10,12,12,3,10,13,13,7,3,10,13,1,9,11,4,10,13,12,1,13,13,10,8,1,1,3,13,14,10,13,12,3,14,13,90.0,5.01,0.33,4.0,0.22,0.89,16.0,14.0,0.78,13.0,44.0,71.0,3.95,8.0,0.45,153.7mi,8.6mi,30.0,1.67,0.17,,,,5.0,1.0,2.62,43.0,2.39,48.0,16.21,19.0,1.06,0.67,42.0,2.34,1.0,0.06,0.0,3.0,11.0,9.0,0.5,4.0,0.22,32.0,1.78,86.0,1116.0,62.15,961.0,53.52,11.92,7.41,215.0,11.97,59.0,3.29,85.0,4.73,,,,,32.0,2.0,0.11,0.95,16.0,0.89,50.0,1.78,83.0,40.0,33.0,1.84
João Neves,Benfica,"DM, M/AM (C)",MC,20,Int,Full Contract,POR,90000000.0,90000000.0,919000.0,7/10/2023,6/30/2028,0.0,,,43.0,4.0,39.0,6.0,7.0,7.2,4.0,0.0,2.0,Regular Starter,Trained at club (15-21),Resolute,17,,Increased,8.0,1.0,Average,13,2,17,15,14,15,16,1,3,14,17,14,13,14,14,3,12,14,15,10,2,12,12,2,13,12,12,11,17,14,3,14,15,11,13,4,3,1,17,13,12,14,14,1,15,17,106.0,2.85,0.19,8.0,0.21,0.48,18.0,19.0,0.51,11.0,22.0,67.0,1.8,14.0,0.38,313.7mi,8.4mi,35.0,0.94,0.09,,,,1.0,3.0,1.13,64.0,1.72,60.0,14.88,61.0,1.64,0.21,76.0,2.04,2.0,0.05,0.0,3.0,21.0,36.0,0.97,8.0,0.21,69.0,1.85,90.0,2315.0,62.18,2080.0,55.86,8.62,7.47,352.0,9.45,98.0,2.63,236.0,6.34,,,,,57.0,5.0,0.13,0.97,29.0,0.78,51.0,1.53,78.0,105.0,82.0,2.2
Paul Okon,Lugo,DM,,20,,Full Contract,BEL,12500000.0,17000000.0,153000.0,6/5/2023,6/30/2027,0.0,,,37.0,1.0,36.0,0.0,8.0,6.91,2.0,0.0,2.0,Out On Loan,,Fairly Professional,14,,,,,Below Average,13,1,13,13,13,13,12,2,2,14,13,4,8,13,12,2,8,13,11,6,1,11,11,3,10,8,7,12,15,11,2,14,13,7,13,3,1,3,12,13,13,13,14,4,14,14,105.0,3.35,0.26,11.0,0.35,0.48,15.0,19.0,0.61,,18.0,11.0,0.35,2.0,0.06,245.1mi,7.8mi,23.0,0.73,0.13,,,,0.0,0.0,1.63,54.0,1.73,51.0,10.73,47.0,1.5,0.29,32.0,1.02,3.0,0.1,0.0,5.0,18.0,11.0,0.35,2.0,0.06,32.0,1.02,89.0,1615.0,51.6,1438.0,45.94,6.74,13.74,308.0,9.84,87.0,2.78,169.0,5.4,,,,,21.0,10.0,0.32,0.16,4.0,0.13,19.0,0.67,64.0,91.0,58.0,1.85
Gonçalo Oliveira,Benfica,D (C),,18,Vac,Full Contract,POR,0.0,130000.0,83500.0,4/3/2023,6/30/2026,0.0,,,,,,,,,,,,Youngster,Trained at club (15-21),Fairly Professional,12,,,,,Below Average,13,3,12,11,12,12,13,3,2,8,12,5,7,11,9,3,7,10,10,5,2,11,12,1,9,7,6,10,13,8,3,11,10,5,12,2,3,3,12,14,11,11,9,2,10,10,,,,,,,,,,,,,,,,,,,,,,,,,,,,,,,,,,,,,,,,,,,,,,,,,,,,,,,,,,,,,,,,,,,,,,,,,,,
João Oliveira,Benfica,ST (C),,17,Vac,Full Contract,POR,180000.0,2200000.0,131000.0,3/15/2025,6/30/2027,0.0,,,,,,,,,,,,Future Prospect,,Fairly Professional,11,,,,,Average,13,1,10,12,10,9,5,1,3,11,6,4,7,11,13,3,13,13,16,6,3,9,13,3,6,6,4,3,9,14,1,10,8,9,5,3,1,1,11,8,3,8,15,1,8,5,,,,,,,,,,,,,,,,,,,,,,,,,,,,,,,,,,,,,,,,,,,,,,,,,,,,,,,,,,,,,,,,,,,,,,,,,,,
Orkun Kökçü,Benfica,"DM, M/AM (C)",S3,24,Int,Full Contract,TUR,55000000.0,55000000.0,4992000.0,12/13/2024,6/30/2029,27000000.0,,,37.0,5.0,32.0,10.0,10.0,7.16,1.0,1.0,2.0,Important Player,,Fairly Determined,15,,Low,9.0,1.0,Below Average,12,1,7,13,10,14,10,3,2,16,12,14,14,16,13,3,12,14,13,14,2,7,8,1,14,16,9,7,16,15,2,14,16,15,7,4,3,3,14,12,6,12,16,2,17,10,65.0,2.26,0.35,3.0,0.1,0.87,25.0,9.0,0.31,13.0,28.0,208.0,7.22,50.0,1.73,246.1mi,8.5mi,27.0,0.94,0.11,,,,21.0,3.0,1.77,14.0,0.49,22.0,13.91,37.0,1.28,0.0,92.0,3.19,0.0,0.0,0.0,9.0,24.0,25.0,0.87,7.0,0.24,39.0,1.35,85.0,1234.0,42.81,1051.0,36.46,11.87,5.13,276.0,9.58,82.0,2.85,101.0,3.5,,,,,77.0,1.0,0.03,1.91,33.0,1.14,43.0,2.67,73.0,55.0,40.0,1.39
Nicolás Otamendi,Benfica,D (RC),DCL,37,Unr,Full Contract,ARG,750000.0,1000000.0,3760000.0,6/9/2023,6/30/2025,75000000.0,,,36.0,2.0,34.0,1.0,0.0,6.85,7.0,0.0,0.0,Important Player,,Leader,18,,Low,7.0,1.0,Low,7,4,17,10,18,14,20,3,3,13,15,5,9,13,10,2,10,12,6,6,3,15,13,3,20,6,11,18,18,13,1,7,13,10,14,3,2,3,13,12,16,18,12,2,13,18,127.0,4.33,,13.0,0.44,0.07,2.0,16.0,0.55,14.0,,1.0,0.03,0.0,0.0,199.5mi,6.8mi,2.0,0.07,0.1,,,,0.0,1.0,1.47,84.0,2.87,66.0,5.49,58.0,1.98,0.34,3.0,0.1,13.0,0.44,1.0,0.0,0.0,1.0,0.03,0.0,0.0,3.0,0.1,95.0,1987.0,67.82,1897.0,64.74,3.24,8.36,85.0,2.9,32.0,1.09,150.0,5.12,,,,,7.0,11.0,0.38,0.03,2.0,0.07,29.0,0.24,81.0,43.0,35.0,1.19
Tiago Parente,Benfica,"D (RL), WB (L)",,18,Inj,Full Contract,POR,26000000.0,39000000.0,403000.0,8/3/2024,6/30/2029,0.0,,,40.0,19.0,21.0,3.0,9.0,7.06,7.0,0.0,2.0,Breakthrough Prospect,Trained at club (15-21),Balanced,13,Sprained ankle ligaments,Normal,,,Below Average,15,2,11,14,13,14,10,2,1,13,12,11,13,14,12,3,9,13,14,10,3,9,11,1,7,8,9,12,14,14,3,15,13,9,12,2,3,3,12,11,11,12,14,2,14,13,110.0,4.19,0.34,9.0,0.34,0.53,14.0,21.0,0.8,20.0,13.0,169.0,6.44,20.0,0.76,222.5mi,8.5mi,68.0,2.59,0.11,,,,0.0,1.0,1.1,81.0,3.09,74.0,17.63,69.0,2.63,0.27,50.0,1.9,4.0,0.15,0.0,4.0,12.0,87.0,3.31,12.0,0.46,35.0,1.33,88.0,1549.0,59.0,1360.0,51.8,12.38,14.09,274.0,10.44,80.0,3.05,256.0,9.75,,,,,15.0,5.0,0.19,0.38,7.0,0.27,47.0,0.57,78.0,87.0,68.0,2.59
Miguel Patrício,Benfica,"DM, M (C)",,18,Vac,Full Contract,POR,140000.0,300000.0,3600.0,7/1/2022,6/30/2026,0.0,,,2.0,1.0,1.0,0.0,0.0,6.8,0.0,0.0,0.0,Youngster,Trained in nation (15-21),Balanced,7,,,,,Average,15,2,5,11,10,10,2,4,1,5,3,5,6,12,7,1,6,14,7,5,1,6,7,2,5,12,1,11,16,5,3,12,13,1,7,1,2,4,13,10,9,8,15,2,12,12,5.0,4.64,,1.0,0.93,,0.0,0.0,0.0,,,0.0,0.0,0.0,0.0,8.5mi,7.9mi,2.0,1.86,0.0,,,,0.0,0.0,3.71,1.0,0.93,20.0,12.99,2.0,1.86,0.0,0.0,,0.0,0.0,0.0,0.0,,0.0,0.0,0.0,0.0,0.0,0.0,89.0,38.0,35.26,34.0,31.55,17.63,11.13,13.0,12.06,1.0,0.93,1.0,0.93,,,,,0.0,0.0,0.0,0.0,,,,,100.0,1.0,1.0,0.93
João Pedro Gonçalves,Benfica,AM (RLC),,18,Vac,Full Contract,POR,30000.0,300000.0,83500.0,2/18/2024,6/30/2026,0.0,,,3.0,0.0,3.0,1.0,0.0,6.93,0.0,0.0,1.0,Future Prospect,Trained at club (15-21),Fairly Professional,14,,,,,Below Average,13,1,8,13,10,11,8,3,1,11,11,7,10,11,12,3,8,9,15,7,2,5,7,2,6,9,5,6,15,9,3,14,9,5,8,1,2,3,9,10,5,9,10,3,12,10,12.0,4.01,,0.0,,0.67,2.0,2.0,0.67,11.0,18.0,15.0,5.02,2.0,0.67,14.4mi,4.8mi,3.0,1.0,0.2,,,,0.0,0.0,2.01,6.0,2.01,50.0,6.02,0.0,,0.0,11.0,3.68,0.0,0.0,0.0,1.0,13.0,11.0,3.68,2.0,0.67,9.0,3.01,82.0,83.0,27.77,68.0,22.75,7.7,5.02,23.0,7.7,6.0,2.01,9.0,3.01,,,,,9.0,0.0,0.0,0.0,3.0,1.0,33.0,3.01,75.0,8.0,6.0,2.01
Pedro Souza,SLB B,GK,,22,Unr,Full Contract,BRA,0.0,0.0,81000.0,3/14/2023,6/30/2025,0.0,,,,,,,,,,,,Youngster,Trained at club (15-21),Balanced,10,,High,,,,13,10,12,8,12,8,9,13,8,7,10,4,2,14,1,5,3,1,3,4,13,1,11,14,1,2,3,2,15,3,9,12,10,3,10,8,14,6,1,6,2,8,3,13,6,6,,,,,,,,,,,,,,,,,,,,,,,,,,,,,,,,,,,,,,,,,,,,,,,,,,,,,,,,,,,,,,,,,,,,,,,,,,,
Guilherme Peixoto,Benfica,D/WB (R),,19,Vac,Full Contract,POR,1500.0,2500.0,64000.0,10/3/2022,6/30/2025,0.0,,,11.0,0.0,11.0,2.0,1.0,7.11,0.0,0.0,0.0,Youngster,Trained at club (15-21),Fairly Professional,12,,,,,Average,14,1,12,12,11,11,11,3,1,8,12,7,11,9,9,2,6,10,10,4,3,7,9,4,10,6,8,8,14,9,3,14,8,7,9,3,3,4,9,11,9,14,9,1,8,13,75.0,6.83,0.09,6.0,0.55,0.09,1.0,17.0,1.55,18.0,10.0,74.0,6.73,9.0,0.82,91.5mi,8.3mi,19.0,1.73,0.08,,,,0.0,0.0,2.28,50.0,4.55,67.0,14.2,27.0,2.46,0.36,10.0,0.91,3.0,0.27,0.0,0.0,12.0,56.0,5.1,6.0,0.55,10.0,0.91,83.0,526.0,47.87,436.0,39.68,14.74,11.65,87.0,7.92,32.0,2.91,56.0,5.1,,,,,11.0,6.0,0.55,0.27,5.0,0.46,45.0,1.0,92.0,36.0,33.0,3.0
Henrique Pereira,Benfica,AM (RL),S10,23,Lst,Full Contract,POR,900000.0,900000.0,189000.0,7/10/2023,6/30/2026,0.0,,,10.0,6.0,4.0,1.0,0.0,6.84,0.0,0.0,0.0,Fringe Player,Trained at club (15-21),Spirited,16,,Increased,,,Below Average,14,4,11,13,11,11,10,3,3,12,12,8,12,12,14,1,12,12,14,6,1,6,7,1,8,9,4,6,14,13,3,14,12,9,6,2,1,3,12,8,5,11,12,1,12,10,13.0,2.49,,2.0,0.38,0.77,4.0,3.0,0.58,10.0,7.0,27.0,5.18,2.0,0.38,43.7mi,8.4mi,23.0,4.41,0.09,,,,0.0,0.0,2.3,1.0,0.19,8.0,16.12,6.0,1.15,0.0,6.0,1.15,0.0,0.0,0.0,8.0,7.0,27.0,5.18,2.0,0.38,6.0,1.15,89.0,215.0,41.26,192.0,36.84,14.39,5.95,74.0,14.2,22.0,4.22,7.0,1.34,,,,,10.0,0.0,0.0,1.15,6.0,1.15,60.0,1.92,93.0,15.0,14.0,2.69
Kevin Pinto,Benfica,"D (RL), WB (R)",,18,Vac,Full Contract,POR,40000.0,90000.0,3600.0,7/11/2022,6/30/2026,0.0,,,,,,,,,,,,Youngster,Trained at club (15-21),Fairly Sporting,14,,,,,Below Average,14,3,10,14,11,12,10,3,3,8,11,5,8,10,8,3,4,8,12,3,2,7,10,3,7,6,6,8,14,8,4,13,8,4,9,3,3,2,10,11,8,11,7,2,8,11,,,,,,,,,,,,,,,,,,,,,,,,,,,,,,,,,,,,,,,,,,,,,,,,,,,,,,,,,,,,,,,,,,,,,,,,,,,
Tiago Pinto,Benfica,M/AM (C),,19,Vac,Full Contract,POR,0.0,0.0,83500.0,9/15/2022,6/30/2025,0.0,,,2.0,0.0,2.0,1.0,0.0,6.95,0.0,0.0,0.0,Youngster,Trained at club (15-21),Fairly Determined,16,,,,,Below Average,12,3,10,11,8,12,10,1,3,9,10,9,8,11,9,2,8,11,13,9,2,6,8,2,6,10,4,8,14,11,2,12,12,7,9,1,3,2,11,11,9,11,11,3,13,10,7.0,4.6,,0.0,,0.66,1.0,2.0,1.31,50.0,,9.0,5.91,1.0,0.66,12.4mi,8.2mi,1.0,0.66,0.17,,,,0.0,0.0,4.6,0.0,0.0,0.0,10.51,0.0,,0.0,7.0,4.6,0.0,0.0,0.0,0.0,11.0,2.0,1.31,0.0,0.0,5.0,3.28,91.0,53.0,34.82,48.0,31.53,9.85,13.8,8.0,5.26,6.0,3.94,8.0,5.26,,,,,2.0,0.0,0.0,0.0,1.0,0.66,50.0,1.31,100.0,4.0,4.0,2.63
Rodrigo Pires,Benfica,"DM, M (C)",,19,Inj,Full Contract,POR,100000.0,210000.0,83500.0,3/1/2023,6/30/2026,0.0,,,6.0,0.0,6.0,1.0,1.0,6.7,0.0,0.0,0.0,Future Prospect,Trained at club (15-21),Balanced,10,A broken lower leg,,,,Below Average,12,3,10,11,12,12,7,1,2,11,11,4,8,12,9,2,8,11,8,5,2,7,9,3,5,8,4,9,14,9,2,12,10,5,10,3,2,2,11,11,9,10,12,2,12,11,26.0,4.33,0.17,0.0,,0.17,1.0,5.0,0.83,17.0,25.0,4.0,0.67,1.0,0.17,40.5mi,6.7mi,1.0,0.17,0.17,,,,0.0,0.0,2.17,13.0,2.17,50.0,8.67,0.0,,0.0,7.0,1.17,0.0,0.0,0.0,3.0,25.0,4.0,0.67,1.0,0.17,7.0,1.17,86.0,229.0,38.17,198.0,33.0,10.0,9.67,46.0,7.67,16.0,2.67,17.0,2.83,,,,,6.0,0.0,0.0,0.33,1.0,0.17,17.0,1.0,93.0,15.0,14.0,2.33
Gianluca Prestianni,Estrela da Amadora SAD,"M (C), AM (RLC)",,19,,Full Contract,ARG,8400000.0,9800000.0,1086000.0,1/31/2024,6/30/2029,11250000.0,,,22.0,1.0,21.0,2.0,4.0,6.83,2.0,0.0,2.0,Out On Loan,,Balanced,13,,,,,Below Average,13,2,12,14,13,13,13,3,4,13,13,10,11,14,14,2,10,13,14,11,2,5,5,2,5,13,5,5,12,13,3,12,13,11,9,1,1,2,13,9,7,13,13,2,13,12,104.0,5.06,0.19,9.0,0.44,0.19,4.0,21.0,1.02,9.0,15.0,63.0,3.06,9.0,0.44,165.3mi,8.0mi,59.0,2.87,0.1,,,,8.0,0.0,4.13,19.0,0.92,18.0,12.16,21.0,1.02,0.05,28.0,1.36,0.0,0.0,0.0,2.0,14.0,20.0,0.97,3.0,0.15,19.0,0.92,86.0,982.0,47.75,845.0,41.09,12.11,5.54,246.0,11.96,65.0,3.16,60.0,2.92,,,,,22.0,6.0,0.29,0.63,9.0,0.44,41.0,1.07,81.0,64.0,52.0,2.53
Robert Ramšak,Alverca SAD,"M (C), AM (RC), ST (C)",,18,,Full Contract,GER,8800000.0,11000000.0,503000.0,7/1/2024,6/30/2027,0.0,,,15.0,0.0,15.0,7.0,0.0,7.07,0.0,0.0,2.0,Out On Loan,,Fairly Professional,13,,,,,Above Average,12,3,6,12,14,12,11,1,3,13,13,4,8,11,10,1,13,12,12,7,3,12,14,1,10,10,6,6,14,13,3,12,12,14,7,2,1,2,11,11,6,13,12,1,12,12,137.0,9.25,,3.0,0.2,0.27,4.0,3.0,0.2,20.0,6.0,16.0,1.08,1.0,0.07,116.2mi,7.8mi,12.0,0.81,0.15,,,,0.0,2.0,4.93,64.0,4.32,47.0,6.28,21.0,1.42,0.2,11.0,0.74,0.0,0.0,0.0,8.0,6.0,16.0,1.08,1.0,0.07,11.0,0.74,84.0,508.0,34.3,425.0,28.69,10.13,4.52,100.0,6.75,32.0,2.16,23.0,1.55,,,,,35.0,2.0,0.14,0.68,21.0,1.42,60.0,2.36,88.0,25.0,22.0,1.49
João Rêgo,BVT,"M (L), AM (RLC), ST (C)",,19,CRH,Full Contract,POR,7400000.0,10500000.0,195000.0,7/10/2023,6/30/2028,145000.0,,,31.0,0.0,31.0,5.0,6.0,7.04,2.0,0.0,3.0,Out On Loan,Trained at club (15-21),Resolute,16,,,,,Below Average,15,1,10,15,12,12,12,1,3,14,15,13,11,13,15,2,11,15,16,11,3,7,9,1,7,13,5,8,15,14,3,14,14,10,10,3,3,2,12,11,5,11,14,2,16,9,123.0,4.19,0.2,12.0,0.41,0.55,16.0,16.0,0.55,14.0,8.0,124.0,4.23,18.0,0.61,239.2mi,8.2mi,77.0,2.63,0.12,,,,3.0,2.0,2.69,44.0,1.5,36.0,14.73,56.0,1.91,0.03,55.0,1.88,0.0,0.0,1.0,5.0,15.0,48.0,1.64,4.0,0.14,34.0,1.16,87.0,1340.0,45.7,1160.0,39.56,11.97,7.23,434.0,14.8,112.0,3.82,128.0,4.37,,,,,37.0,3.0,0.1,0.68,19.0,0.65,51.0,1.26,77.0,71.0,55.0,1.88
Rodrigo Rêgo,SLB B,AM (RL),,20,Inj,Full Contract,POR,300000.0,1000000.0,83500.0,5/9/2023,6/30/2027,0.0,,,,,,,,,,,,Youngster,Trained in nation (15-21),Resolute,15,Damaged cruciate ligaments,High,,,,14,1,10,12,11,10,11,3,1,12,10,10,12,11,14,2,11,11,14,6,2,8,9,1,6,12,7,6,14,13,3,13,11,7,8,1,3,3,10,9,6,9,13,3,11,10,,,,,,,,,,,,,,,,,,,,,,,,,,,,,,,,,,,,,,,,,,,,,,,,,,,,,,,,,,,,,,,,,,,,,,,,,,,
Ricardo Ribeiro,Benfica,GK,,22,Vac,Full Contract,POR,0.0,0.0,83500.0,7/1/2023,6/30/2025,0.0,,,12.0,0.0,12.0,0.0,1.0,6.86,0.0,0.0,1.0,Youngster,Trained at club (15-21),Fairly Determined,15,,,,,Above Average,12,6,14,15,10,7,12,9,8,7,10,2,3,13,1,5,2,4,3,4,12,1,12,9,9,1,3,3,6,1,8,10,7,3,11,5,10,9,5,6,2,7,4,9,7,7,,,0.08,,,0.17,2.0,,4.17,,,,,,,75.9mi,6.3mi,13.0,1.08,0.07,-0.54,-0.05,88.0,,,,,,,6.08,9.0,0.75,0.33,10.0,0.83,0.0,0.0,1.0,0.0,,,,,,10.0,0.83,80.0,386.0,32.17,308.0,25.67,12.58,4.17,80.0,6.67,15.0,1.25,23.0,1.92,76.0,3.0,12.0,1.0,6.0,,,,0.0,0.0,0.0,0.5,,0.0,,
Diogo Rocha,Benfica,D (C),,18,Vac,Full Contract,POR,22000.0,22000.0,83500.0,7/28/2023,6/30/2025,0.0,,,12.0,0.0,12.0,0.0,0.0,6.92,1.0,0.0,0.0,Future Prospect,Trained at club (15-21),Fairly Professional,13,,,,,Below Average,12,3,12,11,10,11,12,3,1,10,12,5,6,10,8,3,6,9,7,5,3,12,13,2,11,4,6,12,14,7,2,12,10,8,10,2,3,2,10,11,11,14,9,2,8,13,71.0,5.92,,4.0,0.33,0.08,1.0,18.0,1.5,,25.0,8.0,0.67,2.0,0.17,83.3mi,6.9mi,8.0,0.67,0.12,,,,0.0,0.0,1.67,51.0,4.25,72.0,6.17,15.0,1.25,0.5,10.0,0.83,2.0,0.17,0.0,0.0,25.0,8.0,0.67,2.0,0.17,10.0,0.83,86.0,658.0,54.83,563.0,46.92,5.33,12.25,72.0,6.0,22.0,1.83,38.0,3.17,,,,,13.0,6.0,0.5,0.25,3.0,0.25,23.0,1.08,68.0,22.0,15.0,1.25
Stiven Rodrigues,Benfica,"M (R), AM (RL)",,16,Vac,Full Contract,CPV,300000.0,3000000.0,3600.0,5/2/2024,6/30/2028,0.0,,,,,,,,,,,,Future Prospect,,Temperamental,10,,,,,Average,9,2,9,11,7,11,9,2,3,11,7,11,10,12,9,2,10,12,12,12,1,11,9,3,14,8,9,7,17,11,3,10,10,8,8,1,2,2,10,9,8,10,13,4,14,14,,,,,,,,,,,,,,,,,,,,,,,,,,,,,,,,,,,,,,,,,,,,,,,,,,,,,,,,,,,,,,,,,,,,,,,,,,,
Benjamín Rollheiser,Benfica,AM (RLC),S7,25,,Full Contract,ARG,10000000.0,11000000.0,1376000.0,7/1/2024,6/30/2029,20500000.0,,,34.0,20.0,14.0,9.0,2.0,7.0,1.0,0.0,2.0,Fringe Player,,Fairly Ambitious,13,,Increased,,,Above Average,14,3,13,15,12,10,6,2,1,14,13,13,13,13,16,3,13,14,16,13,1,7,8,2,12,14,10,7,9,14,1,13,14,11,12,2,3,3,13,8,7,13,15,3,14,14,63.0,3.32,0.11,4.0,0.21,0.79,15.0,7.0,0.37,18.0,21.0,188.0,9.92,41.0,2.16,165.7mi,8.7mi,57.0,3.01,0.16,,,,5.0,3.0,2.64,13.0,0.69,21.0,17.67,28.0,1.48,0.0,65.0,3.43,2.0,0.11,0.0,12.0,22.0,52.0,2.74,11.0,0.58,24.0,1.27,82.0,782.0,41.25,639.0,33.71,16.57,6.28,228.0,12.03,61.0,3.22,67.0,3.53,,,,,50.0,2.0,0.11,1.37,26.0,1.37,52.0,2.64,85.0,61.0,52.0,2.74
Sandro Santo,Benfica,"D (C), DM, M (C)",,18,Vac,Full Contract,POR,3000.0,30000.0,75000.0,3/16/2024,6/30/2026,0.0,,,,,,,,,,,,Future Prospect,Trained at club (15-21),Balanced,5,,,,,Below Average,7,1,9,9,13,10,8,2,3,9,10,4,6,14,5,3,7,12,6,6,2,10,9,2,3,4,2,13,11,7,3,11,10,2,12,1,1,2,9,9,12,7,8,1,9,9,,,,,,,,,,,,,,,,,,,,,,,,,,,,,,,,,,,,,,,,,,,,,,,,,,,,,,,,,,,,,,,,,,,,,,,,,,,
Leandro Santos,Benfica,"D (RC), WB (R)",,19,Vac,Full Contract,POR,0.0,0.0,73000.0,2/21/2022,6/30/2025,0.0,,,,,,,,,,,,Youngster,Trained at club (15-21),Balanced,3,,,,,High,14,3,9,16,7,11,9,1,2,7,8,5,11,13,3,1,2,11,8,3,3,6,6,2,1,2,7,8,16,6,3,13,10,6,11,3,1,1,9,5,12,9,9,1,7,9,,,,,,,,,,,,,,,,,,,,,,,,,,,,,,,,,,,,,,,,,,,,,,,,,,,,,,,,,,,,,,,,,,,,,,,,,,,
Pedro Santos,MRT,"M (C), AM (RLC)",,22,Lst,Full Contract,POR,700000.0,700000.0,195000.0,7/21/2022,6/30/2026,0.0,,,29.0,0.0,29.0,1.0,2.0,6.81,0.0,0.0,0.0,Out On Loan,Trained at club (15-21),Fairly Professional,14,,,,,Below Average,12,1,8,13,12,11,7,2,3,13,12,11,12,13,14,1,11,13,15,13,2,6,5,2,7,10,5,7,14,11,2,12,14,12,9,2,4,3,9,8,7,9,16,2,14,10,125.0,5.04,0.08,7.0,0.28,0.32,8.0,17.0,0.69,3.0,,53.0,2.14,6.0,0.24,204.4mi,8.2mi,35.0,1.41,0.11,,,,2.0,0.0,4.07,24.0,0.97,19.0,10.76,42.0,1.69,0.0,43.0,1.73,0.0,0.0,0.0,3.0,11.0,21.0,0.85,0.0,0.0,29.0,1.17,86.0,833.0,33.57,720.0,29.02,17.81,9.87,243.0,9.79,55.0,2.22,55.0,2.22,,,,,39.0,0.0,0.0,0.6,15.0,0.6,38.0,1.57,85.0,48.0,41.0,1.65
Victor Saraiva,Benfica,D (C),,17,Vac,Full Contract,POR,150000.0,1700000.0,151000.0,12/2/2024,6/30/2027,0.0,,,1.0,0.0,1.0,0.0,0.0,7.1,0.0,0.0,0.0,Future Prospect,Trained in nation (15-21),Balanced,13,,,,,Below Average,13,2,10,13,10,12,9,3,3,9,11,6,8,10,8,3,6,10,10,7,3,10,11,2,7,7,7,11,15,10,1,13,12,6,10,2,1,4,11,12,9,11,11,1,10,10,0.0,,,0.0,,,0.0,0.0,0.0,,,0.0,0.0,0.0,0.0,0.0mi,0.0mi,0.0,,0.09,,,,0.0,0.0,,,,,0.0,0.0,,0.0,0.0,,0.0,0.0,0.0,0.0,,0.0,0.0,0.0,0.0,0.0,0.0,65.0,20.0,20.0,13.0,13.0,0.0,0.0,0.0,0.0,0.0,0.0,0.0,0.0,,,,,1.0,0.0,0.0,0.0,0.0,0.0,0.0,1.0,100.0,2.0,2.0,2.0
Andreas Schjelderup,Benfica,"M/AM (L), ST (C)",AML,21,Int,Full Contract,NOR,33000000.0,38000000.0,3328000.0,11/8/2024,6/30/2029,12250000.0,,,45.0,3.0,42.0,11.0,15.0,7.1,1.0,0.0,2.0,Squad Player,,Fairly Professional,13,,Low,2.0,0.0,Very High,15,3,9,14,15,9,10,1,3,15,14,13,12,13,15,2,13,16,15,13,2,7,8,2,8,14,3,4,13,15,1,14,14,15,7,2,1,1,10,9,4,13,15,3,16,13,119.0,3.64,0.46,7.0,0.21,0.61,20.0,15.0,0.46,14.0,13.0,143.0,4.38,28.0,0.86,267.3mi,8.2mi,97.0,2.97,0.14,,,,14.0,4.0,2.75,29.0,0.89,24.0,17.87,55.0,1.68,0.03,67.0,2.05,2.0,0.06,0.0,15.0,20.0,123.0,3.76,17.0,0.52,51.0,1.56,83.0,1128.0,34.52,932.0,28.52,13.86,5.88,435.0,13.31,110.0,3.37,105.0,3.21,,,,,81.0,1.0,0.03,1.38,37.0,1.13,46.0,2.48,81.0,103.0,83.0,2.54
António Silva,Benfica,D (C),DCR,21,Int,Full Contract,POR,65000000.0,75000000.0,3807000.0,3/11/2024,6/30/2028,0.0,,,42.0,2.0,40.0,2.0,1.0,7.04,3.0,0.0,1.0,Important Player,Trained at club (15-21),Spirited,16,,Low,9.0,1.0,Below Average,15,3,11,17,15,15,14,2,1,16,15,7,9,15,13,3,8,14,13,6,2,15,15,2,14,6,6,15,16,9,1,16,14,11,14,3,1,1,16,14,16,14,15,3,15,13,237.0,6.17,0.03,15.0,0.39,0.08,3.0,32.0,0.83,8.0,,2.0,0.05,0.0,0.0,264.3mi,6.9mi,2.0,0.05,0.12,,,,0.0,0.0,2.01,160.0,4.17,68.0,4.61,89.0,2.32,0.52,6.0,0.16,11.0,0.29,1.0,1.0,0.0,2.0,0.05,0.0,0.0,6.0,0.16,95.0,2780.0,72.42,2652.0,69.08,3.86,11.1,109.0,2.84,37.0,0.96,271.0,7.06,,,,,25.0,12.0,0.31,0.05,12.0,0.31,48.0,0.65,68.0,50.0,34.0,0.89
Kyanno Silva,Benfica,AM (RL),,20,Vac,Full Contract,NED,4000.0,50000.0,153000.0,7/10/2023,6/30/2026,0.0,,,8.0,0.0,8.0,1.0,2.0,7.14,0.0,0.0,3.0,Youngster,Trained at club (15-21),Balanced,13,,,,,Below Average,13,4,11,12,8,10,10,3,4,8,10,7,12,9,13,1,10,13,18,6,3,5,6,3,6,10,6,4,14,8,3,14,11,7,6,3,1,1,9,8,4,8,14,1,11,7,46.0,6.23,0.27,3.0,0.41,0.14,1.0,11.0,1.49,5.0,14.0,29.0,3.92,3.0,0.41,53.5mi,7.2mi,20.0,2.71,0.11,,,,0.0,1.0,4.74,11.0,1.49,24.0,9.07,16.0,2.17,0.0,13.0,1.76,0.0,0.0,0.0,1.0,10.0,21.0,2.84,3.0,0.41,13.0,1.76,89.0,249.0,33.7,221.0,29.91,18.81,4.87,70.0,9.47,15.0,2.03,19.0,2.57,,,,,19.0,0.0,0.0,0.81,6.0,0.81,32.0,2.57,100.0,13.0,13.0,1.76
Rui Silva,Benfica,D (C),,18,Vac,Full Contract,POR,35000.0,325000.0,3600.0,7/1/2022,6/30/2026,0.0,,,7.0,0.0,7.0,0.0,1.0,7.17,1.0,0.0,0.0,Breakthrough Prospect,Trained at club (15-21),Fairly Professional,13,,,,,Below Average,13,3,13,11,11,11,12,2,3,10,12,6,8,11,9,3,7,10,9,6,2,11,12,4,9,7,8,10,16,7,1,13,11,6,10,3,2,2,10,12,11,12,10,1,11,12,33.0,4.71,0.14,3.0,0.43,0.29,2.0,8.0,1.14,,,12.0,1.71,0.0,0.0,50.3mi,7.2mi,4.0,0.57,0.11,,,,0.0,0.0,2.0,19.0,2.71,58.0,8.71,10.0,1.43,0.57,5.0,0.71,0.0,0.0,0.0,0.0,0.0,3.0,0.43,0.0,0.0,5.0,0.71,88.0,332.0,47.43,291.0,41.57,4.29,12.0,67.0,9.57,10.0,1.43,21.0,3.0,,,,,5.0,0.0,0.0,0.0,0.0,0.0,0.0,0.71,92.0,13.0,12.0,1.71
Duarte Soares,Ac. Viseu,D/WB (R),,18,Unr,Full Contract,POR,35000.0,375000.0,83500.0,2/19/2024,6/30/2026,6250.0,,,22.0,0.0,22.0,0.0,2.0,6.83,3.0,0.0,0.0,Out On Loan,Trained at club (15-21),Balanced,11,,,,,Below Average,14,2,11,12,11,11,11,2,1,11,12,8,10,10,10,2,8,10,10,7,2,7,6,3,11,10,8,9,13,11,3,15,9,7,11,1,1,2,11,13,10,14,9,1,9,13,111.0,5.09,0.09,11.0,0.5,0.09,2.0,29.0,1.33,,14.0,69.0,3.17,11.0,0.5,166.9mi,7.7mi,25.0,1.15,0.1,,,,0.0,0.0,2.39,59.0,2.71,53.0,12.02,43.0,1.97,0.18,15.0,0.69,3.0,0.14,0.0,1.0,16.0,68.0,3.12,10.0,0.46,14.0,0.64,86.0,1046.0,47.98,900.0,41.28,16.88,8.58,187.0,8.58,47.0,2.16,121.0,5.55,,,,,17.0,13.0,0.6,0.28,1.0,0.05,6.0,0.78,91.0,66.0,60.0,2.75
Samuel Soares,Benfica,GK,S1,22,,Full Contract,POR,1300000.0,3200000.0,279000.0,10/6/2022,6/30/2027,0.0,,,7.0,0.0,7.0,0.0,0.0,7.0,0.0,0.0,0.0,Breakthrough Prospect,Trained at club (15-21),Fairly Determined,16,,Increased,,,Below Average,12,14,11,13,12,13,12,9,10,13,8,1,3,9,1,15,2,10,11,1,12,6,14,17,6,1,3,1,16,8,14,12,13,3,11,10,14,15,12,13,2,12,11,12,13,13,,,,,,,0.0,,0.29,,,,,,,27.8mi,4.0mi,0.0,,0.0,0.16,0.02,86.0,,,,,,,0.0,5.0,0.71,0.0,0.0,,1.0,0.14,0.0,0.0,,,,,,0.0,0.0,96.0,138.0,19.71,133.0,19.0,0.86,6.14,0.0,0.0,0.0,0.0,2.0,0.29,80.0,7.0,3.0,2.0,0.0,,,,,,,,,0.0,,
Gerson Sousa,SLB B,AM (RL),,23,Unr,Full Contract,CPV,110000.0,110000.0,97500.0,2/19/2021,6/30/2026,0.0,,,25.0,1.0,24.0,4.0,5.0,6.88,1.0,0.0,0.0,Youngster,Trained at club (15-21),Balanced,10,Torn knee ligaments,High,,,,14,1,13,14,11,11,8,1,2,9,8,7,10,11,12,1,8,10,17,6,2,6,7,2,6,7,3,3,14,12,3,13,10,7,5,2,3,1,11,8,3,9,12,3,10,10,83.0,3.62,0.22,7.0,0.31,0.57,13.0,15.0,0.65,11.0,12.0,88.0,3.84,11.0,0.48,189.5mi,8.3mi,80.0,3.49,0.13,,,,0.0,0.0,2.84,18.0,0.79,22.0,15.15,44.0,1.92,0.0,32.0,1.4,0.0,0.0,0.0,18.0,13.0,71.0,3.1,9.0,0.39,29.0,1.27,84.0,929.0,40.55,780.0,34.04,16.06,5.72,308.0,13.44,82.0,3.58,79.0,3.45,,,,,37.0,2.0,0.09,0.79,16.0,0.7,43.0,1.61,76.0,54.0,41.0,1.79
Abulai Tavares,Benfica,"AM (LC), ST (C)",,16,Unr,Full Contract,POR,13500000.0,18000000.0,3600.0,5/1/2024,6/30/2028,0.0,,,1.0,1.0,,0.0,1.0,7.2,0.0,0.0,0.0,Future Prospect,,Ambitious,10,,,,,Low,8,2,11,12,11,13,6,3,2,11,9,7,12,12,13,3,13,12,14,6,3,10,10,2,8,9,4,5,14,12,2,12,11,7,4,3,1,2,8,7,6,8,14,2,6,12,0.0,,,1.0,,,0.0,0.0,,,,1.0,,0.0,,1.9mi,,1.0,,0.0,,,,0.0,0.0,,,,,,0.0,,,1.0,,0.0,,0.0,0.0,0.0,1.0,,0.0,,1.0,,83.0,6.0,,5.0,,,,3.0,,1.0,,1.0,,,,,,0.0,0.0,,,,,,,100.0,1.0,1.0,
Ricardo Teixeira,SLB B,D (C),,23,Unr,Full Contract,POR,75000.0,130000.0,75000.0,9/1/2022,6/30/2026,325000.0,,,34.0,0.0,34.0,1.0,0.0,6.88,4.0,0.0,0.0,Surplus to Requirements,Trained in nation (15-21),Fairly Professional,13,,Low,,,,13,2,13,12,12,13,12,2,1,9,13,4,6,13,8,3,5,10,7,4,3,13,14,4,9,6,8,11,13,6,2,13,10,7,12,1,2,2,13,14,12,12,9,2,10,11,277.0,8.15,,18.0,0.53,0.03,1.0,36.0,1.06,6.0,,1.0,0.03,0.0,0.0,236.3mi,7.0mi,6.0,0.18,0.05,,,,0.0,0.0,3.0,175.0,5.15,63.0,4.09,67.0,1.97,0.82,2.0,0.06,7.0,0.21,1.0,1.0,0.0,1.0,0.03,0.0,0.0,2.0,0.06,93.0,2777.0,81.68,2592.0,76.24,6.03,12.0,129.0,3.79,36.0,1.06,289.0,8.5,,,,,18.0,13.0,0.38,0.09,9.0,0.26,50.0,0.53,76.0,50.0,38.0,1.12
Dinis Telehovschi,Benfica,"DM, M (C)",,18,Unr,Full Contract,POR,7800000.0,9200000.0,83500.0,4/25/2024,6/30/2026,0.0,,,5.0,0.0,5.0,0.0,0.0,6.1,0.0,1.0,0.0,Future Prospect,Trained at club (15-21),Resolute,16,,,,,Below Average,12,1,13,11,11,11,12,3,3,10,12,6,8,11,9,2,9,10,13,7,3,8,11,3,10,9,7,12,15,8,1,12,12,8,11,3,1,1,10,12,11,12,11,1,12,12,25.0,5.24,,2.0,0.42,0.63,3.0,0.0,0.0,,,1.0,0.21,0.0,0.0,28.3mi,5.9mi,8.0,1.68,0.07,,,,0.0,0.0,1.89,16.0,3.36,64.0,6.5,3.0,0.63,0.0,4.0,0.84,0.0,0.0,0.0,2.0,0.0,1.0,0.21,0.0,0.0,2.0,0.42,84.0,180.0,37.76,151.0,31.68,10.49,9.44,35.0,7.34,11.0,2.31,7.0,1.47,,,,,6.0,0.0,0.0,0.42,3.0,0.63,50.0,1.26,80.0,10.0,8.0,1.68
Luka Topalović,Benfica,AM (C),S9,19,Loa,Full Contract,SVN,32000000.0,38000000.0,1001000.0,1/2/2025,6/30/2029,2000000.0,,,13.0,10.0,3.0,2.0,1.0,6.9,1.0,0.0,0.0,Squad Player,,Balanced,12,,Increased,,,Above Average,14,3,11,14,16,12,11,1,2,14,13,13,13,13,14,1,13,13,14,12,3,9,11,3,10,16,5,6,12,13,2,14,14,14,10,1,3,2,13,13,8,12,15,1,16,11,28.0,5.24,0.19,2.0,0.37,0.56,3.0,0.0,0.0,9.0,,5.0,0.94,0.0,0.0,45.2mi,8.5mi,8.0,1.5,0.17,,,,5.0,0.0,4.12,6.0,1.12,21.0,11.6,5.0,0.94,0.0,3.0,0.56,0.0,0.0,0.0,2.0,0.0,5.0,0.94,0.0,0.0,3.0,0.56,92.0,232.0,43.41,214.0,40.04,6.36,3.74,35.0,6.55,12.0,2.25,17.0,3.18,,,,,22.0,1.0,0.19,2.43,7.0,1.31,32.0,4.12,100.0,3.0,3.0,0.56
Jelani Trevisan,Benfica,"AM (LC), ST (C)",,20,Vac,Full Contract,BEL,2000.0,12000.0,28500.0,6/10/2024,6/30/2026,0.0,,,,,,,,,,,,Youngster,Trained at club (15-21),Balanced,14,,,,,Below Average,13,3,9,12,11,11,8,2,1,10,10,5,8,10,12,3,12,11,12,4,3,9,9,3,6,8,4,3,15,11,1,12,8,9,7,1,3,1,10,11,4,10,11,2,8,10,,,,,,,,,,,,,,,,,,,,,,,,,,,,,,,,,,,,,,,,,,,,,,,,,,,,,,,,,,,,,,,,,,,,,,,,,,,
Anatolii Trubin,Benfica,GK,GK,23,,Full Contract,UKR,55000000.0,67000000.0,4004000.0,1/17/2025,6/30/2029,10750000.0,,,47.0,0.0,47.0,0.0,1.0,7.21,0.0,0.0,3.0,Star Player,,Fairly Professional,12,,Low,8.0,0.0,Below Average,11,19,7,16,15,13,14,14,12,14,15,1,3,13,3,3,2,13,5,1,16,8,18,14,9,2,2,1,14,1,13,12,14,11,16,6,15,13,13,15,2,12,12,13,14,14,,,0.02,,,,0.0,,1.1,,,,,,,184.6mi,3.9mi,0.0,,0.0,10.24,0.22,84.0,,,,,,,0.04,12.0,0.25,0.0,0.0,,1.0,0.02,0.0,0.0,,,,,,0.0,0.0,96.0,1186.0,25.06,1133.0,23.94,1.46,5.75,0.0,0.0,0.0,0.0,11.0,0.23,83.0,38.0,46.0,17.0,0.0,,,,,,,,100.0,2.0,2.0,0.04
André Vakulyuk,Benfica,"DM, M (C)",,18,Vac,Full Contract,UKR,220000.0,475000.0,83500.0,3/20/2024,6/30/2026,0.0,,,12.0,0.0,12.0,0.0,2.0,6.81,0.0,0.0,0.0,Future Prospect,Trained at club (15-21),Balanced,9,,,,,Below Average,13,4,11,12,10,13,10,1,1,11,9,6,7,12,8,1,7,11,11,6,1,8,11,3,7,11,6,8,15,9,1,13,11,5,9,2,1,3,11,12,10,10,12,2,12,9,49.0,4.08,0.17,3.0,0.25,0.17,2.0,18.0,1.5,,25.0,17.0,1.42,3.0,0.25,83.4mi,6.9mi,5.0,0.42,0.08,,,,0.0,0.0,1.5,31.0,2.58,63.0,8.0,9.0,0.75,0.33,29.0,2.42,1.0,0.08,0.0,1.0,18.0,8.0,0.67,2.0,0.17,28.0,2.33,85.0,539.0,44.92,459.0,38.25,9.83,13.67,105.0,8.75,30.0,2.5,52.0,4.33,,,,,13.0,3.0,0.25,0.42,2.0,0.17,15.0,1.08,74.0,27.0,20.0,1.67
Luka Veličković,SLB B,GK,,20,Unr,Full Contract,BIH,80000.0,150000.0,83500.0,7/9/2023,6/30/2026,0.0,,,,,,,,,,,,Youngster,,Balanced,9,,High,,,,13,12,10,12,12,11,10,13,12,10,11,3,2,10,2,10,3,8,12,4,11,4,13,10,7,3,1,1,18,6,12,11,9,2,10,11,11,10,10,11,2,10,10,11,9,9,,,,,,,,,,,,,,,,,,,,,,,,,,,,,,,,,,,,,,,,,,,,,,,,,,,,,,,,,,,,,,,,,,,,,,,,,,,
João Veloso,Regensburg,M/AM (C),,19,,Full Contract,POR,18000000.0,25000000.0,209000.0,7/10/2023,6/30/2028,0.0,,,34.0,0.0,34.0,3.0,5.0,6.89,2.0,0.0,0.0,Out On Loan,Trained at club (15-21),Spirited,15,,,,,Below Average,14,3,10,13,13,14,10,3,3,14,11,9,10,14,12,3,10,14,16,10,3,7,10,3,9,13,3,9,15,13,2,14,14,9,10,3,4,4,13,13,9,12,14,2,16,12,94.0,3.05,0.16,12.0,0.39,0.36,11.0,23.0,0.75,8.0,28.0,37.0,1.2,10.0,0.32,224.7mi,7.3mi,30.0,0.97,0.11,,,,0.0,0.0,1.62,44.0,1.43,47.0,9.36,43.0,1.39,0.06,47.0,1.52,0.0,0.0,0.0,4.0,27.0,32.0,1.04,9.0,0.29,43.0,1.39,86.0,1391.0,45.06,1197.0,38.78,15.84,13.54,356.0,11.53,76.0,2.46,119.0,3.86,,,,,39.0,0.0,0.0,0.39,12.0,0.39,31.0,1.26,75.0,71.0,53.0,1.72
Arnas Voitinovičius,SLB B,GK,,18,Unr,Full Contract,LTU,220000.0,1200000.0,98500.0,6/5/2024,6/30/2027,0.0,,,,,,,,,,,,Future Prospect,,Balanced,5,,Increased,,,,9,11,11,11,10,12,9,10,10,10,11,3,3,11,1,12,3,8,11,5,11,4,12,10,7,1,1,1,16,6,9,10,11,1,10,13,11,12,10,11,3,10,9,12,10,11,,,,,,,,,,,,,,,,,,,,,,,,,,,,,,,,,,,,,,,,,,,,,,,,,,,,,,,,,,,,,,,,,,,,,,,,,,,
Wellington Luis,Benfica,AM (RC),,15,Vac,Full Contract,BRA,8800000.0,12000000.0,5750.0,3/20/2025,6/30/2029,0.0,,,,,,,,,,,,Youngster,,Balanced,10,,,,,Low,14,1,7,14,10,9,8,2,2,11,7,8,8,14,12,1,10,13,14,8,1,6,9,2,9,7,3,4,10,12,2,12,13,6,7,1,3,2,10,5,6,8,15,4,11,11,,,,,,,,,,,,,,,,,,,,,,,,,,,,,,,,,,,,,,,,,,,,,,,,,,,,,,,,,,,,,,,,,,,,,,,,,,,
Yasin Özcan,Benfica,D (LC),S11,19,,Full Contract,TUR,11500000.0,16000000.0,1201000.0,7/1/2024,6/30/2029,9500000.0,,,26.0,20.0,6.0,1.0,0.0,6.9,1.0,0.0,1.0,Squad Player,,Resolute,15,,Increased,,,Average,13,2,10,14,13,12,11,3,1,13,12,4,7,14,8,3,5,12,9,3,3,13,13,2,13,12,11,14,15,9,2,12,12,8,13,1,3,3,14,14,13,13,11,3,12,13,96.0,7.76,,4.0,0.32,0.08,1.0,8.0,0.65,10.0,57.0,7.0,0.57,4.0,0.32,89.0mi,7.2mi,3.0,0.24,0.05,,,,0.0,0.0,1.94,72.0,5.82,75.0,7.51,20.0,1.62,0.32,5.0,0.4,1.0,0.08,0.0,0.0,57.0,7.0,0.57,4.0,0.32,5.0,0.4,94.0,880.0,71.1,828.0,66.89,4.69,11.88,34.0,2.75,6.0,0.48,76.0,6.14,,,,,10.0,3.0,0.24,0.08,3.0,0.24,30.0,0.81,79.0,14.0,11.0,0.89
